Uniprot ID	BAT	Beige.fat	Bladder	Bone	Brain	Cerebellum	Colon	Eye	Heart	Kidney	Liver	Lung	Muscle	Pancrea	Skin	Small.intestine	Spinal.cord	Spleen	Testis	Thymus	WAT
A2A4P0	0	0	0	0	0	0	0	0	0	0	0	0	0	0	0	0	0	0	1	1	0
A2A5R2	0	0	0	0	0	1	0	0	0	0	0	0	0	0	0	0	0	0	0	0	0
A2A7S8	0	0	0	0	0	0	0	0	0	1	0	0	0	0	0	0	0	0	0	0	0
A2A863	0	0	0	0	0	0	0	0	0	0	0	0	0	0	1	0	0	0	0	0	0
A2A8U2	0	0	0	0	0	1	0	0	0	0	0	0	0	0	0	0	0	0	0	0	0
A2A8Z1	0	0	0	0	0	0	0	0	0	1	0	0	0	0	0	0	0	0	0	0	0
A2AAY5	0	0	0	0	0	0	0	0	0	0	0	0	0	0	1	0	0	0	0	0	0
A2AGT5	0	0	0	0	0	1	0	0	0	0	0	0	0	0	0	0	0	0	0	0	0
A2AI08	0	0	0	0	0	0	1	0	0	0	0	0	0	0	0	0	0	0	0	0	0
A2AIG8	0	0	0	0	0	0	0	0	0	0	0	0	0	0	0	0	0	0	0	0	1
A2AIV2	0	0	0	0	0	0	0	0	0	0	0	0	0	0	0	0	0	0	0	1	0
A2AJ88	0	0	0	0	0	0	0	0	0	0	0	0	0	0	0	0	0	0	1	0	0
A2AJL3	0	0	0	0	0	0	0	0	0	0	1	0	0	0	0	0	0	0	0	0	0
A2AKG8	0	0	0	0	0	0	0	0	1	0	0	0	0	0	0	0	0	0	0	0	0
A2AKX3	0	0	0	0	0	0	0	0	0	0	0	0	0	0	0	0	0	0	1	0	0
A2ALW5	0	0	0	0	0	0	0	0	0	0	0	0	0	1	0	0	0	0	0	0	0
A2APV2	0	0	0	0	0	0	0	0	0	0	0	0	0	0	0	0	1	0	0	0	0
A2APY7	1	0	0	0	0	0	0	0	0	0	0	0	0	0	0	0	0	0	0	0	0
A2AQ07	0	0	0	0	0	0	0	0	0	0	0	0	0	0	0	0	0	1	0	0	0
A2AR02	0	0	0	0	0	0	0	0	0	0	0	0	0	0	0	0	0	1	0	0	0
A2ARP1	0	0	0	0	0	0	0	0	0	0	0	0	0	0	0	0	0	0	0	0	1
A2ASQ1	0	0	0	0	1	0	0	0	0	0	0	0	0	0	0	0	0	0	0	0	0
A2ASS6	0	0	0	0	0	0	0	0	0	0	0	0	1	0	0	0	0	0	0	0	0
A2BE28	0	0	0	0	0	0	0	0	0	0	0	0	0	0	0	0	0	1	0	1	0
A2BH40	0	0	0	0	0	0	0	0	0	0	0	0	0	0	0	0	0	0	0	1	0
A2RSJ4	0	0	0	0	0	0	0	0	0	0	0	0	0	0	0	0	0	0	1	0	0
A2RSX7	0	0	0	0	0	0	0	0	0	0	0	0	0	0	0	0	0	0	1	0	0
A2RSY6	0	0	0	0	0	0	0	0	0	0	0	0	0	0	0	1	0	0	0	0	0
A6H584	0	0	0	0	0	0	0	0	0	0	0	0	0	0	0	0	0	0	0	0	1
A6H5Y3	0	0	0	0	0	0	0	0	0	0	0	0	0	0	0	0	0	0	1	0	0
A6H5Z3	0	0	0	0	0	0	0	0	0	0	0	0	0	0	0	0	1	0	0	0	0
A6H611	1	0	0	0	0	0	0	0	0	0	0	0	0	0	0	0	0	0	0	0	0
A6H619	0	0	0	0	0	0	0	0	0	0	0	0	0	0	0	0	0	0	1	0	0
A6H630	0	0	0	0	0	0	0	0	0	0	0	0	1	0	0	0	0	0	1	0	0
A6X8Z5	0	0	0	0	1	0	0	0	0	0	0	1	0	0	0	0	0	0	0	0	0
A6X919	0	0	0	0	0	0	0	0	0	0	1	0	0	0	0	0	0	0	0	0	0
A8C756	0	0	0	0	0	0	0	0	0	0	0	0	0	0	0	0	0	0	1	1	0
B1AR13	1	0	0	0	0	0	0	0	0	0	0	0	0	0	0	0	0	0	0	0	0
B1AVY7	0	0	0	0	0	0	0	0	0	1	0	0	0	0	0	0	0	0	0	0	0
B1AVZ0	0	0	0	0	0	0	0	0	0	0	0	0	0	0	0	1	0	0	0	0	0
B2RR83	0	0	0	0	0	0	0	0	0	0	0	0	0	0	0	0	0	0	1	0	0
B2RRD7	0	0	0	0	0	0	0	0	0	0	0	0	0	0	0	0	0	0	0	1	0
B2RUR8	0	0	0	0	0	0	0	0	0	0	0	0	0	0	0	0	1	0	0	0	0
B2RXR6	0	0	0	0	0	0	0	0	0	0	0	1	0	0	0	0	0	0	0	0	0
B2RY04	0	0	0	0	0	0	0	0	0	0	0	0	0	0	0	0	1	0	0	0	0
B2RY56	0	0	0	0	0	0	0	0	0	0	0	0	0	0	0	0	0	1	0	0	0
B7ZMP1	0	0	0	0	0	0	0	0	1	0	0	0	0	0	0	0	0	0	0	0	0
B8JK39	0	0	1	0	0	0	0	0	0	0	0	0	0	0	0	0	0	0	0	0	0
B8ZXI1	0	0	0	0	0	0	0	0	0	0	0	0	0	0	0	0	0	0	0	1	0
B9EJ80	0	0	0	0	0	0	0	0	0	0	0	0	0	0	0	0	0	0	1	0	0
B9EJ86	0	0	0	0	0	0	0	0	0	1	0	0	0	0	0	0	0	0	0	0	0
B9EJR8	0	0	0	0	0	0	0	0	0	0	0	0	0	0	0	0	0	0	1	0	0
B9EKI3	0	0	0	0	0	0	0	0	0	0	0	0	0	0	0	0	0	0	1	0	0
C0HK80	0	0	0	0	0	1	0	0	0	0	0	0	0	0	0	0	0	0	0	0	0
C0HKD9	0	0	0	0	0	0	0	0	0	0	0	0	0	0	0	0	0	1	0	0	0
C0HKG5	0	0	0	0	0	0	0	0	0	1	0	0	0	0	0	0	0	0	0	0	0
D3YXK2	0	0	0	0	0	0	0	1	0	0	0	0	0	0	0	0	0	0	0	0	0
D3YZP9	0	0	1	0	0	0	0	0	0	0	0	0	0	0	0	0	0	0	0	0	0
D3Z2R5	0	1	0	0	0	0	0	0	0	0	0	0	0	0	0	0	0	0	0	0	0
D3Z6Q9	0	0	0	1	0	0	0	0	0	0	0	0	0	0	0	0	0	1	0	0	0
D3Z7P3	0	0	0	0	0	1	0	0	0	0	0	0	0	0	0	0	0	0	0	0	0
D3Z7Q2	1	0	0	0	0	0	0	0	0	0	0	0	0	0	0	0	0	0	0	0	0
E9PVA8	0	0	0	0	0	0	0	0	1	0	0	0	0	0	0	0	0	0	0	0	0
E9PXF8	0	0	0	0	0	0	0	0	0	0	0	0	0	0	0	0	1	0	0	0	0
E9PYK3	0	0	0	0	0	0	0	0	0	0	0	0	0	0	0	1	0	0	0	0	0
E9PZM4	0	0	0	0	0	0	0	0	0	0	0	0	0	0	0	0	0	0	0	1	0
E9Q0S6	0	0	1	0	0	0	0	0	0	0	0	0	0	0	0	0	0	0	0	0	0
E9Q2M9	0	0	0	0	0	0	0	0	0	0	0	0	0	0	0	0	0	1	0	0	0
E9Q3C1	0	0	0	0	0	0	0	0	0	0	1	0	0	0	0	0	0	0	0	0	0
E9Q414	0	0	0	0	0	0	0	0	0	0	1	0	0	0	0	0	0	0	0	0	0
E9Q4Z2	1	0	0	0	0	0	0	0	0	0	0	0	0	0	0	0	0	0	0	0	0
E9Q557	0	0	0	0	0	0	0	0	0	0	0	0	0	0	1	0	0	0	0	0	0
E9Q6J5	0	0	0	0	0	0	0	0	0	0	0	0	0	0	0	0	0	1	0	0	0
E9Q6P5	0	0	0	0	0	1	0	0	0	0	0	0	0	0	0	0	0	0	0	0	0
E9Q7E2	0	0	0	0	0	0	0	0	0	0	0	0	0	0	0	0	0	0	1	0	0
E9Q8I9	0	0	0	0	0	1	0	0	0	0	0	0	0	0	0	0	0	0	0	0	0
E9Q912	0	0	0	0	0	1	0	0	0	0	0	0	0	0	0	0	1	0	0	0	0
F6ZDS4	0	0	0	1	0	0	0	0	0	0	0	0	0	0	0	0	0	0	0	0	0
F8VPQ2	0	0	0	0	0	0	0	0	0	0	0	0	0	0	0	0	0	0	0	1	0
G3X9K3	0	0	0	0	0	0	0	0	0	0	0	0	0	0	0	0	1	0	0	0	0
G5E870	0	0	0	0	0	0	0	0	0	0	0	0	0	0	0	0	0	0	1	0	0
G5E8K5	0	0	0	0	0	0	0	0	0	1	0	0	0	0	0	0	0	0	0	0	0
G5E8Q8	0	0	0	0	0	0	0	0	0	0	0	1	0	0	0	0	0	0	0	0	0
O08532	0	0	0	0	0	0	0	0	0	0	0	0	1	0	0	0	0	0	0	0	0
O08539	0	0	0	0	0	0	0	0	0	0	0	0	1	0	0	0	0	0	0	0	0
O08547	0	0	0	0	0	0	0	0	0	0	0	0	1	0	0	0	0	0	0	0	0
O08553	0	0	0	0	0	1	0	0	0	0	0	0	0	0	0	0	0	0	0	0	0
O08573	0	0	0	0	0	0	0	0	0	0	1	0	0	0	0	0	0	0	0	0	0
O08579	0	0	0	0	0	0	0	0	0	0	0	0	0	0	1	0	0	0	0	0	0
O08582	0	0	0	0	0	0	0	0	1	0	0	0	0	0	0	0	0	0	0	0	0
O08585	0	0	0	0	0	0	0	0	0	1	0	0	0	0	0	0	0	0	0	0	0
O08586	0	0	0	0	0	0	0	0	0	1	0	0	0	0	0	0	0	0	0	0	0
O08599	0	0	0	0	0	1	0	0	0	0	0	0	0	0	0	0	0	0	0	0	0
O08601	0	0	0	0	0	0	0	0	0	0	0	0	0	0	0	1	0	0	0	0	0
O08605	0	0	0	0	0	0	0	0	0	0	0	0	0	1	0	0	0	0	0	0	0
O08638	0	0	1	0	0	0	0	0	0	0	0	0	0	0	0	0	0	0	0	0	0
O08648	0	0	0	0	0	0	0	0	0	1	0	0	0	0	0	0	0	0	0	0	0
O08663	0	0	0	0	0	0	0	0	0	0	0	0	0	1	0	0	0	0	0	0	0
O08688	0	0	1	0	0	0	0	0	0	0	0	0	0	0	0	0	0	0	0	0	0
O08692	0	0	0	1	0	0	0	0	0	0	0	0	0	0	0	0	0	0	0	0	0
O08709	0	0	0	0	0	0	0	1	0	0	0	0	0	0	0	0	0	0	0	0	0
O08715	0	0	0	0	0	0	0	0	0	0	1	0	0	0	0	0	0	0	0	0	0
O08738	0	0	0	0	0	0	0	0	0	0	0	0	0	0	0	1	0	0	0	0	0
O08739	1	0	0	0	0	0	0	0	0	0	0	0	0	0	0	0	0	0	0	0	0
O08746	0	0	1	0	0	0	0	0	0	0	0	0	0	0	0	0	0	0	0	0	0
O08749	1	0	0	0	0	0	0	0	0	0	0	0	0	0	0	0	0	0	0	0	0
O08756	0	0	0	0	0	0	0	0	0	1	0	0	0	0	0	0	0	0	0	0	0
O08784	0	0	0	0	0	0	0	0	0	0	0	0	0	0	0	0	0	1	0	0	0
O08788	0	0	0	0	0	0	0	1	0	0	0	0	0	0	0	0	0	0	0	0	0
O08800	0	0	0	0	0	0	0	0	0	0	0	0	0	0	1	0	0	0	0	0	0
O08811	0	0	0	0	0	0	0	0	0	0	0	0	0	0	0	0	0	0	1	0	0
O08848	0	0	0	0	0	1	0	0	0	0	0	0	0	0	0	0	0	0	0	0	0
O08911	0	0	0	0	0	0	0	0	0	0	0	0	1	0	0	0	0	0	0	0	0
O08912	0	0	0	0	0	0	0	0	1	0	0	0	0	0	0	0	0	0	0	0	0
O09005	0	0	0	0	0	0	0	0	0	0	0	0	0	0	0	0	0	0	0	0	1
O09046	0	0	0	0	0	0	0	0	0	0	0	0	0	0	0	0	0	0	1	0	0
O09111	0	0	0	0	0	0	0	0	0	0	0	0	1	0	0	0	0	0	0	0	0
O09131	0	0	0	0	0	0	0	1	0	0	0	0	0	0	0	0	0	0	0	0	0
O09159	0	0	0	1	0	0	0	0	0	0	0	0	0	0	0	0	0	0	0	0	0
O09161	0	0	0	0	0	0	0	0	0	0	0	0	1	0	0	0	0	0	0	0	0
O09164	0	0	0	0	1	0	0	0	0	0	0	0	0	0	0	0	0	0	0	0	0
O35074	0	0	0	0	0	0	0	0	0	0	0	0	0	0	0	0	0	0	0	0	1
O35098	0	0	0	0	0	1	0	0	0	0	0	0	0	0	0	0	0	0	0	0	0
O35129	1	0	0	0	0	0	0	0	0	0	0	0	0	0	0	0	0	0	0	0	0
O35130	0	0	0	0	0	0	0	0	0	0	0	0	0	0	0	0	0	0	0	1	0
O35166	0	0	0	0	0	0	0	0	0	0	0	0	0	1	0	0	0	0	0	0	0
O35215	0	0	0	0	0	0	0	0	0	0	1	0	0	0	0	0	0	0	0	0	0
O35326	0	0	0	0	0	0	0	0	0	0	0	0	0	0	0	0	0	0	1	0	0
O35343	0	0	0	0	0	0	0	0	0	0	0	0	0	0	0	0	0	0	1	0	0
O35344	0	0	0	0	0	0	0	0	0	0	0	0	1	0	0	0	0	0	0	0	0
O35381	0	0	0	0	0	0	0	1	0	0	0	0	0	0	0	0	0	0	0	0	0
O35386	0	0	0	0	0	0	0	0	0	1	0	0	0	0	0	0	0	0	0	0	0
O35387	1	0	0	0	0	0	0	0	0	0	0	0	0	0	0	0	0	0	0	0	0
O35435	1	0	0	0	0	0	0	0	0	0	0	0	0	0	0	0	0	0	0	0	0
O35459	1	0	0	0	0	0	0	0	0	0	0	0	0	0	0	0	0	0	0	0	0
O35465	0	0	0	0	0	0	0	0	0	1	0	0	0	0	0	0	0	0	0	0	0
O35490	0	0	0	0	0	0	0	0	0	0	1	0	0	0	0	0	0	0	0	0	0
O35551	0	0	0	0	0	1	0	0	0	0	0	0	0	0	0	0	0	0	0	0	0
O35598	0	0	0	0	0	0	0	0	0	1	0	0	0	0	0	0	0	0	0	0	0
O35601	0	0	0	0	0	0	0	0	0	0	0	0	0	0	0	0	0	1	0	0	0
O35607	0	0	0	0	1	0	0	0	0	0	0	0	0	0	0	0	0	0	0	0	0
O35621	0	0	0	0	0	0	0	1	0	0	0	0	0	0	0	0	0	0	0	0	0
O35623	0	0	0	0	0	0	0	0	0	0	0	0	0	1	0	0	0	0	0	0	0
O35640	0	0	0	0	0	0	0	0	0	0	0	0	0	0	1	0	0	0	0	0	0
O35643	0	0	0	0	0	1	0	0	0	0	0	0	0	0	0	0	0	0	0	0	0
O35648	0	0	0	0	0	0	0	0	0	0	0	0	0	0	1	0	0	0	0	0	0
O35657	0	0	0	0	0	0	0	0	0	1	0	0	0	0	0	0	0	0	0	0	0
O35678	0	0	0	0	0	0	0	0	0	0	0	0	0	0	0	0	0	0	0	0	1
O35680	1	0	0	0	0	0	0	0	0	0	0	0	0	0	0	0	0	0	0	0	0
O35704	0	0	0	0	0	0	0	0	0	0	0	0	0	0	0	1	0	0	0	0	0
O35711	0	0	1	0	0	0	0	0	0	0	0	0	0	0	0	0	0	0	0	0	0
O35744	0	0	0	1	0	0	0	0	0	0	0	0	0	0	0	0	0	0	0	0	0
O35857	1	0	0	0	0	0	0	0	0	0	0	0	0	0	0	0	0	0	0	0	0
O35943	0	0	0	0	0	0	0	0	0	1	0	0	0	0	0	0	0	0	0	0	0
O35954	0	0	0	0	0	1	0	0	0	0	0	0	0	0	0	0	0	0	0	0	0
O35969	0	0	0	0	0	0	0	0	0	0	0	0	0	1	0	0	0	0	0	0	0
O35972	0	0	0	0	0	0	0	0	0	0	1	0	0	0	0	0	0	0	0	0	0
O54734	0	0	0	0	0	0	0	1	0	0	0	0	0	0	0	0	0	0	0	0	0
O54754	0	1	0	0	0	0	0	0	0	0	0	0	0	0	0	0	0	0	0	0	0
O54781	0	0	0	0	0	0	0	0	0	0	0	0	0	0	0	0	1	0	0	0	0
O54782	0	0	0	0	0	0	0	0	0	0	0	0	0	0	0	0	0	0	1	0	0
O54784	0	0	1	0	0	0	0	0	0	0	0	0	0	0	0	0	0	0	0	0	0
O54785	0	0	0	0	0	0	0	0	0	0	0	0	0	0	0	1	0	0	0	0	0
O54804	0	0	0	0	0	0	0	0	0	0	0	0	0	0	0	1	0	0	0	0	0
O54825	0	0	0	0	0	0	0	0	0	0	0	0	0	1	0	0	0	0	0	0	0
O54865	0	0	0	0	1	0	0	0	0	0	0	1	0	0	0	0	0	0	0	0	0
O54879	0	0	0	0	0	0	0	0	0	0	0	0	0	0	0	0	0	0	0	1	0
O54931	0	0	0	0	1	0	0	0	0	0	0	0	0	0	0	0	0	0	0	0	0
O54946	0	0	0	0	0	0	0	1	0	0	0	0	0	0	0	0	0	0	0	0	0
O54950	0	0	0	0	0	0	0	1	0	0	0	0	0	0	0	0	0	0	0	0	0
O54983	0	0	0	0	0	0	0	1	0	0	0	0	0	0	0	0	0	0	0	0	0
O55022	0	0	0	0	0	0	0	0	0	0	1	0	0	0	0	0	0	0	0	0	0
O55029	0	0	0	0	0	0	0	0	0	0	0	0	0	1	0	0	0	0	0	0	0
O55042	0	0	0	0	0	0	0	0	0	0	0	0	0	0	0	0	1	0	0	0	0
O55060	0	0	0	0	0	0	0	0	0	1	0	0	0	0	0	0	0	0	0	0	0
O55091	0	0	0	0	0	1	0	0	0	0	0	0	0	0	0	0	1	0	0	0	0
O55098	0	0	0	0	0	0	0	0	0	0	0	0	0	0	0	0	0	1	0	0	0
O55102	0	0	0	1	0	0	0	0	0	0	0	0	0	0	0	0	0	0	0	0	0
O55106	0	0	0	0	0	0	0	1	0	0	0	0	0	0	0	0	0	0	0	0	0
O55125	0	0	0	0	0	0	0	0	0	0	1	0	0	0	0	0	0	0	0	0	0
O55126	0	0	0	0	0	0	0	0	0	0	0	0	1	0	0	0	0	0	0	0	0
O55128	0	0	0	0	0	0	0	1	0	0	0	0	0	0	0	0	0	0	0	0	0
O55137	0	0	0	0	0	0	0	0	0	1	0	0	0	0	0	0	0	0	0	0	0
O55142	0	0	0	0	0	0	0	0	1	0	0	0	0	0	0	0	0	0	0	0	0
O55201	0	0	0	0	0	0	0	1	0	0	0	0	0	0	0	0	0	0	0	0	0
O55229	1	0	0	0	0	0	0	0	0	0	0	0	0	0	0	0	0	0	0	0	0
O55234	0	0	0	0	0	0	0	0	0	0	0	0	1	0	0	0	0	0	0	0	0
O55236	0	0	0	0	0	0	0	0	0	0	0	0	0	0	0	0	0	0	0	1	0
O55242	0	1	0	0	0	0	0	0	0	0	0	0	0	0	0	0	0	0	0	0	0
O70145	0	0	0	1	0	0	0	0	0	0	0	0	0	0	0	0	0	0	0	0	0
O70152	0	0	0	0	0	0	0	0	0	0	0	0	0	1	0	0	0	0	0	0	0
O70161	0	0	0	0	0	1	0	0	0	0	0	0	0	0	0	0	0	0	0	0	0
O70194	0	0	0	0	0	0	0	1	0	0	0	0	0	0	0	0	0	0	0	0	0
O70200	0	0	0	0	0	0	0	0	0	0	0	0	0	0	0	0	0	1	0	0	0
O70209	0	0	1	0	0	0	0	0	0	0	0	0	0	0	0	0	0	0	0	0	0
O70228	0	0	0	0	0	0	0	0	0	0	0	0	0	0	0	0	1	0	0	0	0
O70250	0	0	0	0	0	0	0	0	0	0	0	0	1	0	0	0	0	0	0	0	0
O70251	0	0	0	0	0	0	0	0	0	0	0	0	1	0	0	0	0	0	0	0	0
O70252	0	0	0	0	0	0	0	0	0	0	0	0	0	0	0	0	0	0	1	0	0
O70258	0	0	1	0	0	0	0	0	0	0	0	0	0	0	0	0	0	0	0	0	0
O70305	1	0	0	0	0	0	0	0	0	0	0	0	0	0	0	0	0	0	0	0	0
O70309	0	0	0	0	1	0	0	0	0	0	0	0	0	0	0	0	0	0	0	0	0
O70310	0	0	0	0	0	0	0	0	0	0	0	0	0	1	0	0	0	0	0	0	0
O70311	0	0	0	0	0	0	0	0	0	0	0	0	0	0	0	0	0	0	1	0	0
O70318	0	0	0	0	0	0	0	1	0	0	0	0	0	0	0	0	0	0	0	0	0
O70325	0	0	0	0	0	0	0	0	0	0	0	0	0	0	0	0	0	0	1	0	0
O70423	0	0	0	0	0	0	0	0	0	0	0	0	0	0	0	0	0	0	0	0	1
O70433	0	0	0	0	0	0	0	0	0	1	0	0	0	0	0	0	0	0	0	0	0
O70435	0	0	0	0	0	0	0	1	0	0	0	0	0	0	0	0	0	0	0	0	0
O70456	0	0	0	0	0	0	0	0	0	0	0	0	0	0	1	0	0	0	0	0	0
O70481	0	0	0	0	0	0	0	0	0	0	0	0	0	0	0	0	1	0	0	0	0
O70496	0	0	0	0	0	0	0	0	1	0	0	0	0	0	0	0	0	0	0	0	0
O70503	1	0	0	0	0	0	0	0	0	0	0	0	0	0	0	0	0	0	0	0	0
O70571	1	0	0	0	0	0	0	0	0	0	0	0	0	0	0	0	0	0	0	0	0
O70572	0	0	0	0	0	0	0	0	0	1	0	0	0	0	0	0	0	0	0	0	0
O70622	0	0	0	0	0	0	0	0	0	0	0	0	1	0	0	0	0	0	0	0	0
O88207	0	0	0	0	0	0	0	0	0	0	0	0	0	0	1	0	0	0	0	0	0
O88271	0	0	0	0	0	0	0	1	0	0	0	0	0	0	0	0	0	0	0	0	0
O88286	0	0	0	0	0	0	0	0	0	0	0	0	0	0	0	0	0	0	0	1	0
O88307	0	0	0	0	0	1	0	0	0	0	0	0	0	0	0	0	0	0	0	0	0
O88343	0	0	0	0	0	0	0	0	0	1	0	0	0	0	0	0	0	0	0	0	0
O88413	0	0	0	0	0	0	0	0	0	0	0	0	0	0	0	0	1	0	0	0	0
O88428	0	0	0	0	0	0	0	0	0	0	0	0	0	0	0	1	0	0	0	0	0
O88441	1	0	0	0	0	0	0	0	0	0	0	0	0	0	0	0	0	0	0	0	0
O88455	0	0	0	0	0	0	0	1	0	0	0	0	0	0	0	0	0	0	0	0	0
O88492	0	0	0	0	0	0	0	0	0	0	0	0	0	0	0	0	0	0	0	0	1
O88512	0	0	0	0	0	0	0	0	0	0	0	0	0	0	0	1	0	0	0	0	0
O88520	0	0	0	0	0	0	0	1	0	0	0	0	0	0	0	0	0	0	0	0	0
O88522	0	0	0	0	0	0	0	0	0	0	0	0	0	0	0	0	0	0	0	1	0
O88531	0	0	0	0	0	0	0	0	0	0	0	0	0	0	0	0	0	0	1	0	0
O88532	0	0	0	0	0	1	0	0	0	0	0	0	0	0	0	0	0	0	0	0	0
O88587	0	0	0	0	0	0	0	0	0	0	1	0	0	0	0	0	0	0	0	0	0
O88622	0	0	0	0	0	0	0	0	0	0	0	0	0	0	0	0	0	0	1	0	0
O88630	0	0	0	0	0	0	0	0	1	0	0	0	0	0	0	0	0	0	0	0	0
O88643	0	0	0	0	0	1	0	0	0	0	0	0	0	0	0	0	0	0	0	0	0
O88746	0	0	0	0	0	0	0	0	0	0	0	0	0	0	1	0	0	0	0	0	0
O88792	0	0	0	0	1	0	0	0	0	0	0	0	0	0	0	0	0	0	0	0	0
O88796	0	0	0	0	0	0	0	0	0	0	0	0	0	0	0	0	0	0	0	1	0
O88811	0	0	0	0	0	0	0	0	0	0	0	0	0	0	0	0	0	1	0	0	0
O88824	0	0	0	0	0	0	0	0	0	0	0	0	0	1	0	0	0	0	0	0	0
O88839	0	0	0	0	0	0	0	0	0	0	0	0	0	0	0	0	1	0	0	0	0
O88844	0	0	0	0	0	0	0	0	0	1	0	0	0	0	0	0	0	0	0	0	0
O88848	0	0	0	0	0	0	0	1	0	0	0	0	0	0	0	0	0	0	0	0	0
O88888	1	0	0	0	0	0	0	0	0	0	0	0	0	0	0	0	0	0	0	0	0
O88939	0	0	0	0	0	0	0	0	0	0	0	0	0	0	0	1	0	0	0	0	0
O88947	0	0	0	1	0	0	0	0	0	0	0	0	0	0	0	0	0	0	0	0	0
O88958	0	0	0	0	0	0	0	1	0	0	0	0	0	0	0	0	0	0	0	0	0
O88974	0	0	0	0	0	0	0	0	0	0	0	0	0	0	0	0	0	0	0	1	0
O88983	0	0	0	0	0	0	0	1	0	0	0	0	0	0	0	0	0	0	0	0	0
O88986	0	0	0	0	0	0	0	0	0	0	0	0	0	1	0	0	0	0	0	0	0
O88990	0	0	0	0	0	0	0	0	0	0	0	0	1	0	0	0	0	0	0	0	0
O89032	0	0	0	0	0	0	0	0	0	0	0	0	0	0	0	0	0	0	0	0	1
O89050	0	0	0	1	0	0	0	0	0	0	0	0	0	0	0	0	0	0	0	0	0
O89053	0	0	0	1	0	0	0	0	0	0	0	0	0	0	0	0	0	0	0	0	0
O89079	0	0	0	0	0	0	0	0	0	0	0	0	0	1	0	0	0	0	0	0	0
O89103	0	0	0	0	1	0	0	0	0	0	0	1	0	0	0	0	0	0	0	0	0
O89112	0	0	0	0	0	0	0	0	0	0	0	0	0	0	0	0	0	0	1	0	0
P00158	0	0	0	0	0	0	0	0	0	0	0	0	1	0	0	0	0	0	0	0	0
P00329	0	0	0	0	0	0	0	0	0	0	1	0	0	0	0	0	0	0	0	0	0
P00397	0	0	0	0	0	1	0	0	0	0	0	0	0	0	0	0	0	0	0	0	0
P00405	1	0	0	0	0	0	0	0	0	0	0	0	0	0	0	0	0	0	0	0	0
P00687	0	0	0	0	0	0	0	0	0	0	0	0	0	1	0	0	0	0	0	0	0
P00688	0	0	0	0	0	0	0	0	1	0	0	0	0	1	0	0	0	0	0	0	0
P01637	0	0	0	0	0	0	0	0	0	0	0	0	0	0	1	0	0	0	0	0	0
P01639	0	0	0	0	0	0	0	0	0	0	0	0	0	0	0	0	0	0	0	0	1
P01660	0	0	0	0	0	0	0	0	0	0	0	0	0	0	1	0	0	0	0	0	0
P01831	0	0	0	0	0	0	0	0	0	0	0	0	0	0	0	0	1	0	0	0	0
P01843	0	0	0	0	0	0	0	0	0	0	0	0	0	0	1	0	0	0	0	0	0
P01864	0	0	0	0	0	0	0	0	0	0	0	0	0	0	1	0	0	0	0	0	0
P01887	0	0	0	0	0	0	0	0	0	0	0	0	0	0	1	0	0	0	0	0	0
P02469	0	0	0	0	0	0	0	0	0	0	0	0	0	0	0	0	0	0	0	0	1
P02535	0	0	0	0	0	0	0	0	0	0	0	0	0	0	1	0	0	0	0	0	0
P03893	1	0	0	0	0	0	0	0	0	0	0	0	0	0	0	0	0	0	0	0	0
P03899	1	0	0	0	0	0	0	0	0	0	0	0	0	0	0	0	0	0	0	0	0
P03911	1	0	0	0	0	0	0	0	0	0	0	0	0	0	0	0	0	0	0	0	0
P03921	1	0	0	0	0	0	0	0	0	0	0	0	0	0	0	0	0	0	0	0	0
P03953	0	1	0	0	0	0	0	0	0	0	0	0	0	0	0	0	0	0	0	0	0
P04104	0	0	0	0	0	0	0	0	0	0	0	0	0	0	1	0	0	0	0	0	0
P04247	0	0	0	0	0	0	0	0	0	0	0	0	1	0	0	0	0	0	0	0	0
P04344	0	0	0	0	0	0	0	1	0	0	0	0	0	0	0	0	0	0	0	0	0
P04370	0	0	0	0	0	0	0	0	0	0	0	0	0	0	0	0	1	0	0	0	0
P04925	0	0	0	0	0	1	0	0	0	0	0	0	0	0	0	0	0	0	0	0	0
P04939	0	0	0	0	0	0	0	0	0	0	1	0	0	0	0	0	0	0	0	0	0
P05063	0	0	0	0	0	1	0	0	0	0	0	0	0	0	0	0	0	0	0	0	0
P05064	0	0	0	0	0	0	0	0	0	0	0	0	1	0	0	0	0	0	0	0	0
P05132	0	0	0	0	0	0	0	1	0	0	0	0	0	0	0	0	0	0	0	0	0
P05202	0	0	0	0	0	0	0	0	0	0	0	0	1	0	0	0	0	0	0	0	0
P05208	0	0	0	0	0	0	0	0	0	0	0	0	0	1	0	0	0	0	0	0	0
P05532	0	0	0	0	1	0	0	0	0	0	0	0	0	0	0	0	0	0	0	0	0
P05555	0	0	0	1	0	0	0	0	0	0	0	0	0	0	0	0	0	0	0	0	0
P05622	0	0	0	0	0	0	0	0	0	0	0	1	0	0	0	0	0	0	0	0	0
P05977	0	0	0	0	0	0	0	0	0	0	0	0	1	0	0	0	0	0	0	0	0
P06151	0	0	0	0	0	0	0	0	0	0	0	0	1	0	0	0	0	0	0	0	0
P06728	0	0	0	0	0	0	0	0	0	0	0	0	0	0	1	0	0	0	0	0	0
P06745	0	0	0	0	0	0	0	0	0	0	0	0	1	0	0	0	0	0	0	0	0
P06797	0	0	0	0	0	0	0	0	0	0	0	0	0	0	1	0	0	0	0	0	0
P06800	0	0	0	0	0	0	0	0	0	0	0	0	0	0	0	0	0	1	0	1	0
P06802	0	0	0	0	0	0	0	0	0	0	0	0	0	0	0	0	1	0	0	0	0
P07091	0	0	0	0	0	0	0	1	0	0	0	0	0	0	0	0	0	0	0	0	0
P07309	0	0	0	0	0	0	0	0	0	0	0	0	0	0	1	0	0	0	0	0	0
P07310	0	0	0	0	0	0	0	0	0	0	0	0	1	0	0	0	0	0	0	0	0
P07724	0	0	0	0	0	0	0	0	0	0	0	0	0	0	1	0	0	0	0	0	0
P07742	0	0	0	1	0	0	0	0	0	0	0	0	0	0	0	0	0	0	0	0	0
P07901	0	0	0	0	0	0	0	1	0	0	0	0	0	0	0	0	0	0	1	0	0
P08030	0	0	0	0	0	0	0	1	0	0	0	0	0	0	0	0	0	0	0	0	0
P08032	0	0	0	0	0	0	0	0	0	0	0	0	0	0	0	0	0	1	0	0	0
P08071	0	0	0	1	0	0	0	0	0	0	0	0	0	0	0	0	0	0	0	0	0
P08074	0	0	0	0	1	0	0	0	0	0	0	1	0	0	0	0	0	0	0	0	0
P08103	0	0	0	1	0	0	0	0	0	0	0	0	0	0	0	0	0	0	0	0	0
P08121	0	0	0	0	0	0	0	0	0	0	0	0	0	0	1	0	0	0	0	0	0
P08122	0	0	0	0	0	0	0	0	0	0	0	0	0	0	0	0	0	0	0	0	1
P08226	0	0	0	0	0	0	0	0	0	0	0	0	0	0	1	0	0	0	0	0	0
P08249	0	0	0	0	0	0	0	0	0	0	0	0	1	0	0	0	0	0	0	0	0
P08551	0	0	0	0	0	0	0	0	0	0	0	0	0	0	0	0	1	0	0	0	0
P08553	0	0	0	0	0	0	0	0	0	0	0	0	0	0	0	0	1	0	0	0	0
P08607	0	1	0	0	0	0	0	0	0	0	0	0	0	0	0	0	0	0	0	0	0
P08905	0	0	0	1	0	0	0	0	0	0	0	0	0	0	0	0	0	0	0	0	0
P09055	0	0	1	0	0	0	0	0	0	0	0	0	0	0	0	0	0	0	0	0	0
P09103	0	0	0	0	0	0	0	0	0	0	0	0	0	1	0	0	0	0	0	0	0
P09242	0	0	0	1	0	0	0	0	0	1	0	0	0	0	0	0	0	0	0	0	0
P09405	0	0	0	0	0	0	0	1	0	0	0	0	0	0	0	0	0	0	0	0	0
P09411	0	0	0	0	0	0	0	0	0	0	0	0	1	0	0	0	0	0	0	0	0
P09528	1	0	0	0	0	0	0	0	0	0	0	0	0	0	0	0	0	0	0	0	0
P09602	0	0	0	0	0	0	0	1	0	0	0	0	0	0	0	0	0	0	0	0	0
P09813	0	0	0	0	0	0	0	0	0	0	0	0	0	0	0	0	0	0	0	0	1
P09925	1	0	0	0	0	0	0	0	0	0	0	0	0	0	0	0	0	0	0	0	0
P0C7L0	0	0	0	0	0	0	0	0	0	0	0	0	0	0	0	0	0	0	1	0	0
P0CW02	0	0	0	0	1	0	0	0	0	0	0	0	0	0	0	0	0	0	0	0	0
P0DN34	0	0	0	0	0	0	0	0	0	0	0	0	1	0	0	0	0	0	0	0	0
P0DP27	0	0	0	0	0	0	0	0	0	0	0	0	1	0	0	0	0	0	0	0	0
P10107	0	0	0	1	0	0	0	0	0	0	0	0	0	0	0	0	0	0	0	0	0
P10126	0	0	0	0	0	0	0	1	0	0	0	0	0	0	0	0	0	0	0	0	0
P10404	0	0	0	1	0	0	0	0	0	0	0	0	0	0	0	0	0	0	0	0	0
P10518	0	0	0	0	0	0	0	0	0	0	1	0	0	0	0	0	0	0	0	0	0
P10605	1	0	0	0	0	0	0	0	0	0	0	0	0	0	0	0	0	0	0	0	0
P10630	0	0	0	0	0	0	0	1	0	0	0	0	0	0	0	0	0	0	0	0	0
P10637	0	0	0	0	0	1	0	0	0	0	0	0	0	0	0	0	0	0	0	0	0
P10649	0	0	1	0	0	0	0	0	0	0	0	0	0	0	0	0	0	0	0	0	0
P10810	0	1	0	0	0	0	0	0	0	0	0	0	0	0	0	0	0	0	0	0	0
P10833	0	0	0	0	0	0	0	0	0	0	0	0	0	0	0	0	0	0	0	0	1
P11031	0	0	0	0	0	0	0	0	0	0	0	0	0	0	0	0	0	1	0	0	0
P11032	0	0	0	0	0	0	0	0	0	0	0	0	0	0	0	1	0	0	0	0	0
P11087	0	0	0	0	0	0	0	0	0	0	0	0	0	0	1	0	0	0	0	0	0
P11152	0	0	0	0	0	0	0	0	0	0	0	0	0	0	0	0	0	0	0	0	1
P11352	0	0	0	0	0	0	0	0	0	0	1	0	0	0	0	0	0	0	0	0	0
P11404	0	0	0	0	0	0	0	0	0	0	0	0	1	0	0	0	0	0	0	0	0
P11499	0	0	0	0	0	0	0	0	0	0	0	0	0	0	1	0	0	0	0	0	0
P11531	0	0	0	0	0	0	0	0	0	0	0	0	1	0	0	0	0	0	0	0	0
P11589	0	0	0	0	0	0	0	0	0	0	1	0	0	0	0	0	0	0	0	0	0
P11609	0	0	0	0	0	0	0	0	0	0	0	0	0	0	0	0	0	0	0	0	1
P11627	0	0	0	0	0	0	0	0	0	0	0	0	0	0	0	0	1	0	0	0	0
P11672	0	0	0	1	0	0	0	0	0	0	0	0	0	0	0	0	0	0	0	0	0
P11688	0	0	1	0	0	0	0	0	0	0	0	0	0	0	0	0	0	0	0	0	0
P11859	0	1	0	0	0	0	0	0	0	0	0	0	0	0	0	0	0	0	0	0	0
P11881	0	0	0	0	0	1	0	0	0	0	0	0	0	0	0	0	0	0	0	0	0
P11930	0	0	0	0	0	0	0	0	0	1	0	0	0	0	0	0	0	0	0	0	0
P11983	0	0	0	0	0	0	0	0	0	0	0	0	0	0	0	0	0	0	1	0	0
P12023	0	0	0	0	1	0	0	0	0	0	0	0	0	0	0	0	0	0	0	0	0
P12265	0	0	0	1	0	0	0	0	0	0	0	0	0	0	0	0	0	0	0	0	0
P12367	0	0	0	0	0	0	0	0	0	0	0	0	1	0	0	0	0	0	0	0	0
P12382	1	0	0	0	0	0	0	0	0	0	0	0	0	0	0	0	0	0	0	0	0
P12710	0	0	0	0	0	0	0	0	0	0	1	0	0	0	0	0	0	0	0	0	0
P12787	1	0	0	0	0	0	0	0	0	0	0	0	0	0	0	0	0	0	0	0	0
P13595	0	0	0	0	0	0	0	1	0	0	0	0	0	0	0	0	0	0	0	0	0
P13597	0	0	0	0	0	0	0	0	0	0	0	1	0	0	0	0	0	0	0	0	0
P13707	1	0	0	0	0	0	0	0	0	0	0	0	0	0	0	0	0	0	0	0	0
P13808	0	0	0	0	1	0	0	0	0	0	0	0	0	0	0	0	0	0	0	0	0
P13864	0	0	0	0	0	0	0	0	0	0	0	0	0	0	0	0	0	0	0	1	0
P14069	0	0	0	0	0	0	0	1	0	0	0	0	0	0	0	0	0	0	0	0	0
P14094	0	0	0	0	0	0	0	0	0	0	0	0	0	0	0	0	1	0	0	0	0
P14106	0	0	0	1	0	0	0	0	0	0	0	0	0	0	0	0	0	0	0	0	0
P14142	1	0	0	0	0	0	0	0	0	0	0	0	0	0	0	0	0	0	0	0	0
P14148	0	0	0	0	0	0	0	0	1	0	0	0	0	0	0	0	0	0	0	0	0
P14152	0	0	0	0	0	0	0	0	0	0	0	0	1	0	0	0	0	0	0	0	0
P14206	0	0	0	0	0	0	0	0	0	0	0	0	0	1	0	0	0	0	0	0	0
P14231	0	0	0	0	0	1	0	0	0	0	0	0	0	0	0	0	1	0	0	0	0
P14576	0	0	0	0	0	0	0	0	1	0	0	0	0	1	0	0	0	0	0	0	0
P14602	0	0	0	0	0	0	0	1	0	0	0	0	0	0	0	0	0	0	0	0	0
P14824	0	0	0	0	0	0	0	0	0	0	0	0	1	0	0	0	0	0	0	0	0
P14869	0	0	0	0	0	0	0	0	0	0	0	0	0	1	0	0	0	0	0	0	0
P14873	0	0	0	0	0	0	0	0	0	0	0	0	0	0	0	0	1	0	0	0	0
P14901	0	0	0	0	0	0	0	0	0	0	0	0	0	0	0	0	0	1	0	0	0
P15116	0	0	0	0	0	0	0	1	0	0	0	0	0	0	0	0	0	0	0	0	0
P15261	0	0	0	0	0	0	0	0	0	0	0	0	0	0	1	0	0	0	0	0	0
P15306	0	0	0	0	1	0	0	0	0	0	0	0	0	0	0	0	0	0	0	0	0
P15307	0	0	0	0	0	0	0	0	0	0	0	0	0	0	0	0	0	1	0	0	0
P15508	0	0	0	0	0	0	0	1	0	0	0	0	0	0	0	0	0	0	0	0	0
P15532	0	0	0	0	0	0	0	1	0	0	0	0	0	0	0	0	0	0	0	0	0
P15535	0	0	0	0	0	0	0	0	0	0	0	0	0	1	0	0	0	0	0	0	0
P15864	0	0	0	0	0	0	0	1	0	0	0	0	0	0	0	0	0	0	0	0	0
P15920	0	0	0	0	0	0	0	0	0	0	0	0	0	0	0	0	0	0	0	1	0
P16054	0	0	0	0	0	1	0	0	0	0	0	0	0	0	0	0	0	0	0	0	0
P16110	0	0	0	0	0	0	0	0	0	0	0	0	0	0	1	0	0	0	0	0	0
P16254	0	0	0	0	0	0	0	0	1	0	0	0	0	0	0	0	0	0	0	0	0
P16330	0	0	0	0	0	0	0	0	0	0	0	0	0	0	0	0	1	0	0	0	0
P16460	0	0	0	0	0	0	0	0	0	1	1	0	0	0	0	0	0	0	0	0	0
P16546	0	0	0	0	0	0	0	1	0	0	0	0	0	0	0	0	0	0	0	0	0
P16675	0	0	0	1	0	0	0	0	0	0	0	0	0	0	0	0	0	0	0	0	0
P16858	0	0	0	0	0	0	0	0	0	0	0	0	1	0	0	0	0	0	0	0	0
P17095	0	0	0	0	0	0	0	1	0	0	0	0	0	0	0	0	0	0	0	0	0
P17156	0	0	0	0	0	0	0	0	0	0	0	0	0	0	0	0	0	0	1	0	0
P17182	0	0	0	0	0	0	0	1	0	0	0	0	0	0	0	0	0	0	0	0	0
P17183	0	0	0	0	0	1	0	0	0	0	0	0	0	0	0	0	0	0	0	0	0
P17426	0	0	0	0	0	0	0	0	0	0	0	0	0	0	0	0	1	0	0	0	0
P17665	0	0	0	0	0	0	0	0	0	0	0	0	1	0	0	0	0	0	0	0	0
P17710	0	0	0	0	0	0	0	0	0	0	0	0	0	0	0	0	1	0	0	0	0
P17742	0	0	0	0	0	0	0	1	0	0	0	0	0	0	0	0	0	0	0	0	0
P17751	0	0	0	0	0	0	0	0	0	0	0	0	1	0	0	0	0	0	0	0	0
P17809	0	0	0	0	0	0	0	1	0	0	0	0	0	0	0	0	0	0	0	0	0
P17918	0	0	0	1	0	0	0	0	0	0	0	0	0	0	0	0	0	0	0	1	0
P18052	0	0	0	0	0	0	0	1	0	0	0	0	0	0	0	0	0	0	0	0	0
P18181	0	0	0	0	0	0	0	0	0	0	0	0	0	0	0	0	0	1	0	0	0
P18572	0	0	0	0	0	0	0	1	0	0	0	0	0	0	0	0	0	0	0	0	0
P18608	0	0	0	0	0	0	0	1	0	0	0	0	0	0	0	0	0	0	0	0	0
P18653	0	0	0	0	0	0	0	0	0	0	0	0	0	0	0	1	0	0	0	0	0
P18826	0	0	0	0	0	0	0	0	0	0	0	0	1	0	0	0	0	0	0	0	0
P18872	0	0	0	0	0	1	0	0	0	0	0	0	0	0	0	0	0	0	0	0	0
P19001	0	0	0	0	0	0	1	0	0	0	0	0	0	0	0	0	0	0	0	0	0
P19096	1	0	0	0	0	0	0	0	0	0	0	0	0	0	0	0	0	0	0	0	0
P19137	0	0	0	0	0	0	0	0	0	0	0	0	0	0	0	0	0	0	1	0	0
P19253	0	0	0	0	0	0	0	0	1	0	0	0	0	0	0	0	0	0	0	0	0
P19324	0	0	0	0	0	0	0	0	0	0	0	0	0	0	1	0	0	0	0	0	0
P19536	1	0	0	0	0	0	0	0	0	0	0	0	0	0	0	0	0	0	0	0	0
P19783	1	0	0	0	0	0	0	0	0	0	0	0	0	0	0	0	0	0	0	0	0
P20029	0	0	0	0	0	0	0	0	0	0	0	0	0	1	0	0	0	0	0	0	0
P20108	1	0	0	0	0	0	0	0	0	0	0	0	1	0	0	0	0	0	0	0	0
P20152	0	0	0	0	0	0	0	0	0	0	0	0	0	0	1	0	0	0	0	0	0
P20357	0	0	0	0	0	0	0	0	0	0	0	0	0	0	0	0	1	0	0	0	0
P20444	0	0	0	0	1	0	0	0	0	0	0	0	0	0	0	0	0	0	0	0	0
P21550	0	0	0	0	0	0	0	0	0	0	0	0	1	0	0	0	0	0	0	0	0
P21619	0	0	0	0	0	0	0	0	0	0	0	0	0	0	1	0	0	0	0	0	0
P21956	0	0	0	1	0	0	0	0	0	0	0	0	0	0	0	0	0	0	0	0	0
P21995	0	0	0	0	0	0	0	0	0	0	0	1	0	0	0	0	0	0	0	0	0
P22599	0	1	0	0	0	0	0	0	0	0	0	0	0	0	0	0	0	0	0	0	0
P22682	0	0	0	0	0	0	0	0	0	0	0	0	0	0	0	0	0	0	0	1	0
P22907	0	0	0	1	0	0	0	0	0	0	0	0	0	0	0	0	0	0	0	0	0
P23198	0	0	0	0	0	0	0	0	0	0	0	0	0	0	0	0	0	1	0	0	0
P23242	0	0	0	0	0	0	0	1	0	0	0	0	0	0	0	0	0	0	0	0	0
P23249	0	0	0	0	0	0	0	0	0	0	0	0	0	0	0	1	0	0	0	0	0
P23298	0	0	1	0	0	0	0	0	0	0	0	0	0	0	0	0	0	0	0	0	0
P23492	0	0	0	1	0	0	0	0	0	0	0	0	0	0	1	0	0	0	0	0	0
P23506	0	0	0	0	0	0	0	1	0	0	0	0	0	0	0	0	0	0	0	0	0
P23927	0	0	0	0	0	0	0	1	0	0	0	0	0	0	0	0	0	0	0	0	0
P23953	0	0	0	0	0	0	0	0	0	0	0	0	0	0	1	0	0	0	0	0	0
P24270	0	0	0	0	0	0	0	0	0	1	0	0	0	0	0	0	0	0	0	0	0
P24369	0	0	0	0	0	0	0	0	1	0	0	0	0	0	0	0	0	0	0	0	0
P24452	0	0	0	0	0	0	0	0	0	0	0	0	0	0	1	0	0	0	0	0	0
P24472	0	0	0	0	0	0	0	1	0	0	0	0	0	0	0	0	0	0	0	0	0
P24547	0	0	0	1	0	0	0	0	0	0	0	0	0	0	0	0	0	0	0	0	0
P24549	0	0	0	0	0	0	0	0	0	0	1	0	0	0	0	0	0	0	0	0	0
P24622	0	0	0	0	0	0	0	1	0	0	0	0	0	0	0	0	0	0	0	0	0
P25206	0	0	0	0	0	0	0	0	0	0	0	0	0	0	0	0	0	0	0	1	0
P25785	0	0	0	0	0	0	0	0	0	0	0	0	0	0	1	0	0	0	0	0	0
P25799	0	0	0	0	0	0	0	0	0	0	0	0	0	0	0	0	0	1	0	0	0
P26043	0	0	0	0	0	0	0	0	0	0	0	0	1	0	0	0	0	0	0	0	0
P26187	0	0	0	0	0	0	0	0	1	0	0	0	0	0	0	0	0	0	0	0	0
P26262	0	0	0	0	0	0	0	0	0	0	0	0	0	0	1	0	0	0	0	0	0
P26443	0	0	0	0	0	0	0	0	0	0	1	0	0	0	0	0	0	0	0	0	0
P26638	0	0	0	0	0	0	0	1	0	0	0	0	0	0	0	0	0	0	0	0	0
P27005	0	0	0	1	0	0	0	0	0	0	0	0	0	0	0	0	0	0	0	0	0
P27870	0	0	0	0	0	0	0	0	0	0	0	0	0	0	0	0	0	1	0	0	0
P28028	0	0	0	0	0	1	0	0	0	0	0	0	0	0	0	0	0	0	0	0	0
P28076	0	1	0	0	0	0	0	0	0	0	0	0	0	0	0	0	0	0	0	0	0
P28271	0	0	0	0	0	0	0	0	0	1	0	0	0	0	0	0	0	0	0	0	0
P28474	0	0	0	0	0	0	0	0	0	0	1	0	0	0	0	0	0	0	0	0	0
P28650	0	0	0	0	0	0	0	0	0	0	0	0	1	0	0	0	0	0	0	0	0
P28651	0	0	0	0	0	1	0	0	0	0	0	0	0	0	0	0	0	0	0	0	0
P28652	0	0	0	0	0	1	0	0	0	0	0	0	0	0	0	0	0	0	0	0	0
P28656	0	0	0	0	0	0	0	1	0	0	0	0	0	0	0	0	0	0	0	0	0
P28658	0	0	0	0	0	0	0	0	0	0	0	0	0	0	0	0	1	0	0	0	0
P28659	0	0	0	0	0	0	0	0	0	0	0	0	1	0	0	0	0	0	0	0	0
P28667	0	0	0	0	0	0	0	1	0	0	0	0	0	0	0	0	0	0	0	0	0
P28741	0	0	0	0	0	0	0	0	0	0	0	0	0	0	0	0	0	0	1	0	0
P29416	0	0	0	1	0	0	0	0	0	0	0	0	0	0	0	0	0	0	0	0	0
P29452	0	0	0	0	0	0	0	0	0	0	0	0	0	0	0	1	0	0	0	0	0
P29533	0	0	0	1	0	0	0	0	0	0	0	0	0	0	0	0	0	0	0	0	0
P29699	0	0	0	1	0	0	0	0	0	0	0	0	0	0	0	0	0	0	0	0	0
P29758	0	0	0	0	0	0	0	0	0	0	0	0	0	0	0	1	0	0	0	0	0
P30115	0	0	0	0	0	0	0	0	0	0	1	0	0	0	0	0	0	0	0	0	0
P30275	0	0	0	0	0	0	0	0	0	0	0	0	0	0	0	1	0	0	0	0	0
P30285	0	0	0	0	0	0	0	0	0	0	0	0	0	0	0	0	0	1	0	0	0
P30355	0	0	0	0	0	0	0	0	0	0	0	0	0	0	1	0	0	0	0	0	0
P30412	0	0	0	0	0	0	0	0	0	0	0	0	0	0	1	0	0	0	0	0	0
P30416	0	0	0	0	0	0	0	0	0	0	0	0	0	0	0	0	0	0	1	0	0
P30681	0	0	0	0	0	0	0	1	0	0	0	0	0	0	0	0	0	0	0	0	0
P31001	0	0	1	0	0	0	0	0	0	0	0	0	0	0	0	0	0	0	0	0	0
P31230	0	0	0	0	0	0	0	0	0	0	0	0	1	0	0	0	0	0	0	0	0
P31324	1	0	0	0	0	0	0	0	0	0	0	0	0	0	0	0	0	0	0	0	0
P31428	0	0	0	0	0	0	0	0	0	1	0	0	0	0	0	0	0	0	0	0	0
P31725	0	0	0	1	0	0	0	0	0	0	0	0	0	0	0	0	0	0	0	0	0
P31786	0	0	0	0	0	0	0	1	0	0	0	0	0	0	0	0	0	0	0	0	0
P32020	0	0	0	0	0	0	0	0	0	0	1	0	0	0	0	0	0	0	0	0	0
P32037	0	0	0	0	0	0	0	0	0	0	0	0	0	0	0	0	0	0	1	0	0
P32067	0	0	0	0	0	0	0	0	0	0	0	0	0	0	0	0	0	0	0	1	0
P32233	0	0	0	0	0	0	0	0	1	0	0	0	0	0	0	0	0	0	0	0	0
P32848	0	0	0	0	0	0	0	0	0	0	0	0	1	0	0	0	0	0	0	0	0
P32883	0	0	0	0	0	0	1	0	0	0	0	0	0	0	0	0	0	0	0	0	0
P32921	0	0	0	0	0	0	0	0	0	0	0	0	0	1	0	0	0	0	0	0	0
P33215	0	0	0	1	0	0	0	0	0	0	0	0	0	0	0	0	0	0	0	0	0
P33267	0	0	0	0	0	0	0	0	0	0	0	1	0	0	0	0	0	0	0	0	0
P33587	0	0	0	1	0	0	0	0	0	0	0	0	0	0	0	0	0	0	0	0	0
P33611	0	0	0	1	0	0	0	0	0	0	0	0	0	0	0	0	0	0	0	0	0
P34152	0	0	0	0	1	0	0	0	0	0	0	1	0	0	0	0	0	0	0	0	0
P34914	0	0	0	0	0	0	0	0	0	0	1	0	0	0	0	0	0	0	0	0	0
P35123	0	0	0	0	0	0	0	0	0	0	0	0	0	0	0	0	0	0	1	0	0
P35276	0	0	0	0	0	0	0	0	1	0	0	0	0	0	0	0	0	0	0	0	0
P35278	0	0	0	0	0	0	0	1	0	0	0	0	0	0	0	0	0	0	0	0	0
P35279	0	1	0	0	0	0	0	0	0	0	0	0	0	0	0	0	0	0	0	0	0
P35285	0	0	0	0	0	0	0	0	0	1	0	0	0	0	0	0	0	0	0	0	0
P35288	0	0	0	0	0	1	0	0	0	0	0	0	0	0	0	0	0	0	0	0	0
P35293	0	0	0	0	0	0	0	0	0	1	0	0	0	0	0	0	0	0	0	0	0
P35330	0	0	0	0	0	0	0	0	0	0	0	1	0	0	0	0	0	0	0	0	0
P35486	1	0	0	0	0	0	0	0	0	0	0	0	0	0	0	0	0	0	0	0	0
P35505	0	0	0	0	0	0	0	0	0	1	1	0	0	0	0	0	0	0	0	0	0
P35585	0	0	0	0	0	0	0	0	0	0	0	0	0	0	0	0	1	0	0	0	0
P35700	0	0	0	0	0	0	0	1	0	0	0	0	0	0	0	0	0	0	0	0	0
P35762	0	0	0	0	0	0	0	0	0	1	0	0	0	0	0	0	0	0	0	0	0
P35802	0	0	0	0	0	1	0	0	0	0	0	0	0	0	0	0	0	0	0	0	0
P35951	0	0	0	0	0	0	0	0	0	0	1	0	0	0	0	0	0	0	0	0	0
P35979	0	0	0	0	0	0	0	0	1	0	0	0	0	0	0	0	0	0	0	0	0
P35980	0	0	0	0	0	0	0	0	1	0	0	0	0	1	0	0	0	0	0	0	0
P36423	0	0	0	0	0	0	0	0	0	0	0	0	0	0	0	0	0	1	0	0	0
P36536	0	0	0	0	0	0	0	0	0	0	0	0	0	1	0	0	0	0	0	0	0
P36993	0	0	0	0	0	0	0	0	0	0	0	0	1	0	0	0	0	0	0	0	0
P37804	0	0	1	0	0	0	0	0	0	0	0	0	0	0	0	0	0	0	0	0	0
P37889	0	0	0	0	0	0	0	0	0	0	0	0	0	0	0	0	0	0	0	0	1
P38060	0	0	0	0	0	0	0	0	0	0	1	0	0	0	0	0	0	0	0	0	0
P38647	1	0	0	0	0	0	0	0	0	0	0	0	0	0	0	0	0	0	0	0	0
P39039	0	0	0	0	0	0	0	0	0	0	1	0	0	0	0	0	0	0	0	0	0
P39053	0	0	0	0	0	0	0	0	0	0	0	0	0	0	0	0	1	0	0	0	0
P39447	0	0	0	0	1	0	0	0	0	0	0	1	0	0	0	0	0	0	0	0	0
P39688	0	0	0	0	0	0	0	0	0	0	0	0	0	0	0	0	0	0	1	0	0
P40124	0	0	0	1	0	0	0	0	0	0	0	0	0	0	0	0	0	0	0	0	0
P40142	1	0	0	0	0	0	0	1	0	0	0	0	0	0	0	0	0	0	0	0	0
P40237	0	0	0	0	0	0	0	0	0	0	0	0	0	0	0	0	1	0	0	0	0
P40240	0	0	0	0	0	0	0	0	0	0	0	0	0	0	1	0	0	0	0	0	0
P40336	0	0	0	0	0	0	0	0	0	0	0	1	0	0	0	0	0	0	0	0	0
P40630	0	0	0	0	0	0	0	0	0	0	0	0	1	0	0	0	0	0	0	0	0
P40694	0	0	0	0	0	0	0	0	0	0	0	0	0	1	0	0	0	0	0	0	0
P40936	0	0	0	0	1	0	0	0	0	0	0	0	0	0	0	0	0	0	0	0	0
P41105	0	0	0	0	0	0	0	0	1	0	0	0	0	0	0	0	0	0	0	0	0
P41216	1	0	0	0	0	0	0	0	0	0	0	0	0	0	0	0	0	0	0	0	0
P41731	0	0	0	0	0	0	0	0	0	1	0	0	0	0	0	0	0	0	0	0	0
P42125	1	0	0	0	0	0	0	0	0	0	0	0	0	0	0	0	0	0	0	0	0
P42208	0	0	0	0	0	0	0	0	0	1	0	0	0	0	0	0	0	0	0	0	0
P42225	0	0	0	0	0	0	0	0	0	0	0	0	0	0	0	0	0	1	0	0	0
P42227	0	0	0	0	0	0	0	0	0	0	0	1	0	0	0	0	0	0	0	0	0
P42232	0	0	0	0	0	0	0	0	0	0	0	0	1	0	0	0	0	0	0	1	0
P42859	0	0	0	0	0	1	0	0	0	0	0	0	0	0	0	0	0	0	0	0	0
P42867	0	0	0	0	0	0	0	0	1	0	0	0	0	0	0	0	0	0	0	0	0
P43024	1	0	0	0	0	0	0	0	0	0	0	0	0	0	0	0	0	0	0	0	0
P43025	0	0	0	0	0	0	0	0	0	0	0	0	0	0	1	0	0	0	0	0	0
P43136	0	0	0	0	0	0	1	0	0	0	0	0	0	0	0	0	0	0	0	0	0
P43247	0	0	0	0	0	0	0	0	0	0	0	0	0	0	0	0	0	0	0	1	0
P43275	0	0	0	0	0	0	0	1	0	0	0	0	0	0	0	0	0	0	0	0	0
P43883	0	0	0	0	0	0	0	0	0	0	1	0	0	0	0	0	0	0	0	0	0
P45376	0	0	1	0	0	0	0	0	0	0	0	0	0	0	0	0	0	0	0	0	0
P45591	0	0	0	0	0	0	0	0	0	0	0	0	1	0	0	0	0	0	0	0	0
P45700	0	0	0	0	0	0	0	0	1	0	0	0	0	1	0	0	0	0	0	0	0
P45878	0	0	0	0	0	0	0	0	1	0	0	0	0	1	0	0	0	0	0	0	0
P45952	1	0	0	0	0	0	0	0	0	0	0	0	0	0	0	0	0	0	0	0	0
P46412	0	0	0	0	0	0	0	0	0	1	0	0	0	0	0	0	0	0	0	0	0
P46414	0	0	0	0	0	0	0	0	0	0	0	0	0	0	0	0	0	1	0	0	0
P46460	0	0	0	0	0	1	0	0	0	0	0	0	0	0	0	0	1	0	0	0	0
P46638	0	0	0	0	0	0	0	1	0	0	0	0	0	0	0	0	0	0	0	0	0
P46656	0	0	0	0	0	0	0	0	0	0	1	0	0	0	0	0	0	0	0	0	0
P46735	0	0	0	0	0	0	0	0	0	0	0	1	0	0	0	0	0	0	0	0	0
P46737	0	0	0	0	0	0	0	0	0	0	0	0	0	0	0	0	1	0	0	0	0
P46938	0	0	1	0	0	0	0	0	0	0	0	0	0	0	0	0	0	0	0	0	0
P46978	0	0	0	0	0	0	0	0	1	0	0	0	0	0	0	0	0	0	0	0	0
P47199	0	0	0	0	0	0	0	0	0	1	0	0	0	0	0	0	0	0	0	0	0
P47226	0	0	1	0	0	0	0	0	0	0	0	0	0	0	0	0	0	0	0	0	0
P47713	0	0	1	0	0	0	0	0	0	0	0	0	0	0	0	0	0	0	0	0	0
P47739	0	0	0	0	0	0	0	1	0	0	0	0	0	0	0	0	0	0	0	0	0
P47740	0	0	0	0	0	0	0	0	0	0	1	0	0	0	0	0	0	0	0	0	0
P47754	0	0	0	0	0	0	0	0	0	0	0	0	1	0	0	0	0	0	0	0	0
P47757	0	0	0	0	0	0	0	0	0	0	0	0	1	0	0	0	0	0	0	0	0
P47758	0	0	0	0	0	0	0	0	0	0	0	0	0	1	0	0	0	0	0	0	0
P47791	0	0	0	1	0	0	0	0	0	0	0	0	0	0	0	0	0	0	0	0	0
P47802	0	0	0	0	0	0	0	0	0	1	0	0	0	0	0	0	0	0	0	0	0
P47809	0	0	0	0	0	0	0	0	0	0	0	0	1	0	0	0	0	0	0	0	0
P47811	0	0	0	0	0	0	0	0	0	0	0	0	1	0	0	0	0	0	0	0	0
P47856	0	0	0	0	0	0	1	0	0	0	0	0	0	0	0	0	0	0	0	0	0
P47857	0	0	0	0	0	0	0	0	0	0	0	0	1	0	0	0	0	0	0	0	0
P47879	0	0	0	0	0	0	0	0	0	0	0	0	0	0	0	0	0	0	0	0	1
P47911	0	0	0	0	0	0	0	0	1	0	0	0	0	0	0	0	0	0	0	0	0
P47934	1	0	0	0	0	0	0	0	0	0	0	0	0	0	0	0	0	0	0	0	0
P47955	0	0	0	0	0	0	0	0	0	0	0	0	0	1	0	0	0	0	0	0	0
P47962	0	0	0	0	0	0	0	0	1	0	0	0	0	1	0	0	0	0	0	0	0
P47963	0	0	0	0	0	0	0	0	0	0	0	0	0	1	0	0	0	0	0	0	0
P47964	0	0	0	0	0	0	0	0	1	0	0	0	0	1	0	0	0	0	0	0	0
P47968	0	0	0	1	0	0	0	0	0	0	0	0	0	0	0	0	0	0	0	0	0
P48024	0	0	0	0	0	0	0	0	0	0	0	0	0	1	0	0	0	0	0	0	0
P48025	0	0	0	1	0	0	0	0	0	0	0	0	0	0	0	0	0	1	0	0	0
P48193	0	0	0	0	0	0	0	1	0	0	0	0	0	0	0	0	0	0	0	0	0
P48410	0	0	0	0	0	0	0	0	0	0	0	0	0	0	0	1	0	0	0	0	0
P48428	0	0	0	0	0	0	0	0	0	1	0	0	0	0	0	0	0	0	0	0	0
P48678	0	0	0	0	0	0	0	0	0	0	0	0	0	0	1	0	0	0	0	0	0
P48722	0	0	0	0	0	0	0	0	0	0	0	0	0	0	0	0	0	0	1	0	0
P48725	0	0	0	0	0	0	0	0	0	0	0	0	0	0	0	0	0	1	0	0	0
P48771	1	0	0	0	0	0	0	0	0	0	0	0	0	0	0	0	0	0	0	0	0
P48962	0	0	0	0	0	0	0	0	0	0	0	0	1	0	0	0	0	0	0	0	0
P49138	0	0	0	0	0	0	0	0	0	0	0	0	1	0	0	0	0	0	0	0	0
P49182	0	0	0	0	0	0	0	0	0	0	0	0	1	0	0	0	0	0	0	0	0
P49442	0	0	0	0	0	1	0	0	0	0	0	0	0	0	0	0	0	0	0	0	0
P49615	0	0	0	0	0	0	0	0	0	0	0	0	0	0	0	0	1	0	0	0	0
P49710	0	0	0	0	0	0	0	0	0	0	0	0	0	0	0	0	0	1	0	0	0
P49717	0	0	0	1	0	0	0	0	0	0	0	0	0	0	0	0	0	0	0	0	0
P49718	0	0	0	0	0	0	0	0	0	0	0	0	0	0	0	0	0	0	0	1	0
P49813	0	0	0	0	0	0	0	0	0	0	0	0	1	0	0	0	0	0	0	0	0
P49817	0	0	0	0	0	0	0	0	0	0	0	0	0	0	0	0	0	0	0	0	1
P49962	0	0	0	0	0	0	0	0	1	0	0	0	0	0	0	0	0	0	0	0	0
P50096	0	0	0	0	0	0	0	1	0	0	0	0	0	0	0	0	0	0	0	0	0
P50136	1	0	0	0	0	0	0	0	0	0	0	0	0	0	0	0	0	0	0	0	0
P50172	0	0	0	0	0	0	0	0	0	0	1	0	0	0	0	0	0	0	0	0	0
P50247	0	0	0	0	0	0	0	0	0	0	1	0	0	0	0	0	0	0	0	0	0
P50285	0	0	0	0	0	0	0	0	0	1	0	0	0	0	0	0	0	0	0	0	0
P50295	0	0	0	0	0	0	0	0	0	1	0	0	0	0	0	0	0	0	0	0	0
P50396	0	0	0	0	0	1	0	0	0	0	0	0	0	0	0	0	1	0	0	0	0
P50429	0	0	0	0	0	0	0	1	0	0	0	0	0	0	0	0	0	0	0	0	0
P50431	0	0	0	0	0	0	0	0	0	0	1	0	0	0	0	0	0	0	0	0	0
P50446	0	0	0	0	0	0	0	0	0	0	0	0	0	0	1	0	0	0	0	0	0
P50516	0	0	0	0	0	0	0	0	0	0	0	0	0	0	0	0	1	0	0	0	0
P50543	0	0	0	0	0	0	0	0	0	0	0	0	0	0	1	0	0	0	0	0	0
P50544	1	0	0	0	0	0	0	0	0	0	0	0	0	0	0	0	0	0	0	0	0
P50580	0	0	0	0	0	0	0	0	1	0	0	0	0	0	0	0	0	0	0	0	0
P51125	0	0	0	0	0	0	0	0	0	0	0	0	0	0	1	0	0	0	0	0	0
P51141	0	0	0	0	0	0	0	0	0	0	0	0	0	0	0	0	0	0	1	0	0
P51150	1	0	0	0	0	0	0	0	0	0	0	0	0	0	0	0	0	0	0	0	0
P51163	0	0	0	1	0	0	0	0	0	0	0	0	0	0	0	0	0	0	0	0	0
P51174	1	0	0	0	0	0	0	0	0	0	0	0	0	0	0	0	0	0	0	0	0
P51410	0	0	0	0	0	0	0	0	1	0	0	0	0	1	0	0	0	0	0	0	0
P51432	0	0	0	0	0	0	0	0	0	0	0	0	0	0	0	1	0	0	0	0	0
P51569	0	0	1	0	0	0	0	0	0	0	0	0	0	0	0	0	0	0	0	0	0
P51655	0	0	0	0	0	0	0	0	0	0	0	0	0	0	0	0	0	0	0	0	1
P51791	0	0	0	0	0	0	0	0	0	0	0	0	0	0	0	0	1	0	0	0	0
P51830	0	0	0	0	0	0	0	0	0	0	0	0	0	0	0	0	1	0	0	0	0
P51855	0	0	0	0	0	0	0	1	0	0	0	0	0	0	0	0	0	0	0	0	0
P51859	0	0	0	0	0	0	0	1	0	0	0	0	0	0	0	0	0	0	0	0	0
P51881	0	0	0	0	0	0	0	0	0	1	0	0	0	0	0	0	0	0	0	0	0
P51885	0	0	0	0	0	0	0	0	0	0	0	0	0	0	1	0	0	0	0	0	0
P51912	0	0	0	0	0	0	0	0	0	0	0	0	0	0	0	0	0	0	0	0	1
P52196	0	0	0	0	0	0	0	0	0	0	1	0	0	0	0	0	0	0	0	0	0
P52293	0	0	0	0	0	0	0	0	0	0	0	0	0	0	0	0	0	0	1	0	0
P52332	0	0	0	0	0	0	0	0	0	0	0	0	0	0	0	0	0	1	0	0	0
P52430	0	0	0	0	0	0	0	0	0	0	1	0	0	0	0	0	0	0	0	0	0
P52431	0	0	0	0	0	0	0	0	0	0	0	0	0	0	0	0	0	0	0	1	0
P52432	0	0	0	1	0	0	0	0	0	0	0	0	0	0	0	0	0	0	0	0	0
P52480	0	0	0	0	0	0	0	0	0	0	0	0	1	0	0	0	0	0	0	0	0
P52503	1	0	0	0	0	0	0	0	0	0	0	0	0	0	0	0	0	0	0	0	0
P52623	1	0	0	0	0	0	0	0	0	0	0	0	0	0	0	0	0	0	0	0	0
P52624	0	0	0	0	0	0	0	0	0	0	0	0	0	0	0	1	0	0	0	0	0
P52633	0	0	0	0	0	0	0	0	0	0	0	0	0	0	0	0	0	1	0	0	0
P52760	0	0	0	0	0	0	0	0	0	1	1	0	0	0	0	0	0	0	0	0	0
P52825	1	0	0	0	0	0	0	0	0	0	0	0	0	0	0	0	0	0	0	0	0
P52840	0	0	0	0	0	0	0	0	0	0	1	0	0	0	0	0	0	0	0	0	0
P53564	0	0	0	1	0	0	0	0	0	0	0	0	0	0	0	0	0	0	0	1	0
P53612	0	0	0	0	0	0	0	1	0	0	0	0	0	0	0	0	0	0	0	0	0
P53657	0	0	0	0	0	0	0	0	0	0	1	0	0	0	0	0	0	0	0	0	0
P53808	0	0	0	0	0	0	0	0	0	0	1	0	0	0	0	0	0	0	0	0	0
P53811	1	0	0	0	0	0	0	0	0	0	0	0	0	0	0	0	0	0	0	0	0
P53995	0	0	0	0	0	0	0	0	0	0	0	0	0	0	0	0	0	0	0	1	0
P54276	0	0	0	0	0	0	0	0	0	0	0	0	0	0	0	0	0	0	0	1	0
P54310	0	0	0	0	0	0	0	0	0	0	0	0	0	0	0	0	0	0	0	0	1
P54726	0	0	0	0	0	0	0	0	0	0	0	0	0	1	0	0	0	0	0	0	0
P54728	0	0	0	0	0	0	0	1	0	0	0	0	0	0	0	0	0	0	0	0	0
P54822	0	0	0	0	0	0	0	0	0	0	0	0	1	0	0	0	0	0	0	0	0
P54869	0	0	0	0	0	0	0	0	0	0	1	0	0	0	0	0	0	0	0	0	0
P55012	0	0	0	0	0	0	0	0	0	0	0	0	0	0	0	0	1	0	0	0	0
P55096	0	0	0	0	0	0	0	0	0	0	1	0	0	0	0	0	0	0	0	0	0
P55264	0	0	0	0	0	0	0	0	0	0	1	0	0	0	0	0	0	0	0	0	0
P55284	0	0	0	0	1	0	0	0	0	0	0	0	0	0	0	0	0	0	0	0	0
P55288	0	0	0	0	0	0	0	0	0	0	0	1	0	0	0	0	0	0	0	0	0
P55302	0	0	0	0	0	0	0	0	0	1	0	0	0	0	0	0	0	0	0	0	0
P56135	0	0	0	0	0	0	0	0	0	0	0	0	1	0	0	0	0	0	0	0	0
P56183	0	0	0	0	0	0	0	1	0	0	0	0	0	0	0	0	0	0	0	0	0
P56212	0	0	0	0	0	0	0	0	0	0	0	0	0	1	0	0	0	0	0	0	0
P56375	0	0	0	0	0	0	0	0	0	0	0	0	1	0	0	0	0	0	0	0	0
P56379	0	0	0	0	0	0	0	0	0	1	0	0	1	0	0	0	0	0	0	0	0
P56380	1	0	0	0	0	0	0	0	0	0	0	0	0	0	0	0	0	0	0	0	0
P56382	0	0	0	0	0	0	0	0	0	0	0	0	1	0	0	0	0	0	0	0	0
P56387	0	0	0	0	0	0	0	0	0	0	0	0	0	0	0	0	1	0	0	0	0
P56389	0	0	0	0	0	0	0	0	0	0	0	0	0	0	0	1	0	0	0	0	0
P56391	1	0	0	0	0	0	0	0	0	0	0	0	0	0	0	0	0	0	0	0	0
P56392	0	0	0	0	0	0	0	0	0	0	0	0	1	0	0	0	0	0	0	0	0
P56394	1	0	0	0	0	0	0	0	0	0	0	0	0	0	0	0	0	0	0	0	0
P56480	0	0	0	0	0	0	0	0	0	0	0	0	1	0	0	0	0	0	0	0	0
P56542	0	0	0	0	0	0	0	0	0	1	0	0	0	0	0	0	0	0	0	0	0
P56546	0	0	0	0	0	0	0	1	0	0	0	0	0	0	0	0	0	0	0	0	0
P56564	0	0	0	0	0	1	0	0	0	0	0	0	0	0	0	0	0	0	0	0	0
P56565	1	0	0	0	0	0	0	0	0	0	0	0	0	0	0	0	0	0	0	0	0
P56695	0	0	0	0	0	0	0	0	0	0	0	0	1	0	0	0	0	0	0	0	0
P56812	0	0	0	0	0	0	0	1	0	0	0	0	0	0	0	0	0	0	0	0	0
P56959	0	0	0	0	0	0	0	1	0	0	0	0	0	0	0	0	0	0	0	0	0
P56960	0	0	0	0	0	0	0	0	0	0	0	0	0	0	0	0	0	0	0	1	0
P57016	0	0	0	0	0	0	0	0	0	1	0	0	0	0	0	0	0	0	0	0	0
P57716	0	0	0	0	0	0	0	0	0	0	0	0	0	0	0	0	0	0	0	0	1
P57722	0	0	0	0	0	0	0	1	0	0	0	0	0	0	0	0	0	0	0	0	0
P57759	0	0	0	1	0	0	0	0	0	0	0	0	0	0	0	0	0	0	0	0	0
P57776	0	0	0	0	0	0	0	0	0	0	0	0	0	1	0	0	0	0	0	0	0
P57787	0	0	0	0	0	0	0	0	0	0	0	0	1	0	0	0	0	0	0	0	0
P58059	0	0	0	0	0	0	0	0	0	1	0	0	0	0	0	0	0	0	0	0	0
P58064	0	0	0	0	0	0	0	0	0	1	0	0	0	0	0	0	0	0	0	0	0
P58137	0	0	0	0	0	0	0	0	0	1	0	0	0	0	0	0	0	0	0	0	0
P58252	0	0	0	0	0	0	0	0	0	0	0	0	0	1	0	0	0	0	0	0	0
P58281	1	0	0	0	0	0	0	0	0	0	0	0	0	0	0	0	0	0	0	0	0
P58466	0	0	0	0	0	0	0	0	0	1	0	0	0	0	0	0	0	0	0	0	0
P58501	0	0	0	0	0	0	0	0	0	0	0	0	0	0	0	0	0	0	0	1	0
P58771	0	0	0	0	0	0	0	0	0	0	0	0	1	0	0	0	0	0	0	0	0
P58774	0	0	0	0	0	0	0	0	0	0	0	0	1	0	0	0	0	0	0	0	0
P58801	0	0	0	0	0	0	0	1	0	0	0	0	0	0	0	0	0	0	0	0	0
P58854	0	0	0	0	0	1	0	0	0	0	0	0	0	0	0	0	0	0	0	0	0
P58929	0	0	0	0	0	0	0	0	0	0	0	0	0	0	0	0	0	1	0	0	0
P59016	0	0	0	0	0	0	0	0	0	0	0	0	0	0	0	0	0	1	0	0	0
P59017	1	0	0	0	0	0	0	0	0	0	0	0	0	0	0	0	0	0	0	0	0
P59114	0	0	0	0	0	1	0	0	0	0	0	0	0	0	0	0	0	0	0	0	0
P59235	0	0	0	1	0	0	0	0	0	0	0	0	0	0	0	0	0	0	0	0	0
P59325	0	0	0	0	0	0	0	0	0	0	0	0	0	1	0	0	0	0	0	0	0
P59383	0	0	0	0	0	0	0	0	0	0	0	0	0	0	0	0	0	0	0	0	1
P59481	0	0	0	0	0	1	0	0	0	0	0	0	0	0	0	0	0	0	0	0	0
P59708	0	0	0	1	0	0	0	0	0	0	0	0	0	0	0	0	0	0	0	0	0
P60122	0	0	0	0	0	0	0	1	0	0	0	0	0	0	0	0	0	0	0	0	0
P60202	0	0	0	0	0	0	0	0	0	0	0	0	0	0	0	0	1	0	0	0	0
P60335	0	0	0	0	0	0	0	0	0	1	0	0	0	0	0	0	0	0	0	0	0
P60469	0	0	0	0	0	1	0	0	0	0	0	0	0	0	0	0	0	0	0	0	0
P60487	0	0	0	0	0	1	0	0	0	0	0	0	0	0	0	0	1	0	0	0	0
P60603	1	0	0	0	0	0	0	0	0	0	0	0	0	0	0	0	0	0	0	0	0
P60605	0	0	0	1	0	0	0	0	0	0	0	0	0	0	0	0	0	0	0	0	0
P60762	0	0	0	0	0	0	0	0	0	0	0	0	0	0	0	0	0	0	1	0	0
P60766	0	0	0	0	1	0	0	0	0	0	0	0	0	0	0	0	0	0	0	0	0
P60840	0	0	0	0	0	0	0	0	0	0	0	0	0	0	1	0	0	0	0	0	0
P60867	0	0	0	0	0	0	0	0	1	0	0	0	0	0	0	0	0	0	0	0	0
P60904	0	0	0	0	0	0	0	1	0	0	0	0	0	0	0	0	0	0	0	0	0
P61021	0	0	0	0	0	0	0	0	0	0	0	0	0	0	0	0	0	0	0	1	0
P61022	0	0	0	0	0	0	0	0	0	0	0	0	0	0	0	0	0	0	0	0	1
P61027	0	0	0	0	0	0	0	1	0	0	0	0	0	0	0	0	0	0	0	0	0
P61089	0	0	0	0	0	0	0	1	0	0	0	0	0	0	0	0	0	0	0	0	0
P61148	0	0	0	0	0	0	0	0	0	0	0	0	0	0	0	0	1	0	0	0	0
P61202	0	0	0	0	0	0	0	1	0	0	0	0	0	0	0	0	0	0	0	0	0
P61255	0	0	0	0	0	0	0	0	1	0	0	0	0	0	0	0	0	0	0	0	0
P61294	0	0	0	0	0	0	0	0	0	0	0	0	0	0	0	0	1	0	0	0	0
P61358	0	0	0	0	0	0	0	0	1	0	0	0	0	0	0	0	0	0	0	0	0
P61406	0	0	0	0	0	0	0	0	0	0	0	0	0	0	0	0	0	0	1	0	0
P61514	0	0	0	0	0	0	0	0	0	0	0	0	0	1	0	0	0	0	0	0	0
P61600	0	0	0	0	0	1	0	0	0	0	0	0	0	0	0	0	0	0	0	0	0
P61620	0	0	0	0	0	0	0	0	1	0	0	0	0	0	0	0	0	0	0	0	0
P61759	0	0	0	0	0	0	0	0	0	0	0	1	0	0	0	0	0	0	0	0	0
P61804	0	0	0	0	0	0	0	0	1	0	0	0	0	0	0	0	0	0	0	0	0
P61922	0	0	0	0	0	0	0	0	0	0	0	0	0	0	0	0	1	0	0	0	0
P61953	0	0	0	0	0	0	0	0	0	0	0	1	0	0	0	0	0	0	0	0	0
P61957	1	0	0	0	0	0	0	0	0	0	0	0	0	0	0	0	0	0	0	0	0
P61971	0	0	0	0	0	0	0	0	0	0	0	0	1	0	0	0	0	0	0	0	0
P62069	0	0	0	0	0	1	0	0	0	0	0	0	0	0	0	0	0	0	0	0	0
P62073	0	0	0	0	0	0	0	0	0	1	0	0	0	0	0	0	0	0	0	0	0
P62077	0	0	0	0	0	0	0	0	0	0	0	0	1	0	0	0	0	0	0	0	0
P62082	0	0	0	0	0	0	0	1	0	0	0	0	0	0	0	0	0	0	0	0	0
P62242	0	0	0	0	0	0	0	0	1	0	0	0	0	0	0	0	0	0	0	0	0
P62245	0	0	0	0	0	0	0	0	0	0	0	0	1	0	0	0	0	0	0	0	0
P62257	0	0	0	0	0	0	0	1	0	0	0	0	0	0	0	0	0	0	0	0	0
P62259	0	0	0	0	0	0	0	1	0	0	0	0	0	0	0	0	0	0	0	0	0
P62264	0	0	0	0	0	0	0	0	0	0	0	0	0	1	0	0	0	0	0	0	0
P62267	0	0	0	0	0	0	0	0	1	0	0	0	0	0	0	0	0	0	0	0	0
P62270	0	0	0	0	0	0	0	0	1	0	0	0	0	0	0	0	0	0	0	0	0
P62274	0	0	0	0	0	0	0	0	1	0	0	0	0	0	0	0	0	0	0	0	0
P62301	0	0	0	0	0	0	0	0	1	0	0	0	0	0	0	0	0	0	0	0	0
P62305	0	0	0	1	0	0	0	0	0	0	0	0	0	0	0	0	0	0	0	0	0
P62320	0	0	0	0	0	0	0	1	0	0	0	0	0	0	0	0	0	0	0	0	0
P62331	0	0	0	0	0	0	0	0	1	0	0	0	0	0	0	0	0	0	0	0	0
P62342	0	0	0	0	0	0	0	0	0	0	0	0	0	1	0	0	0	0	0	0	0
P62631	0	0	0	0	0	0	0	0	0	0	0	0	1	0	0	0	0	0	0	0	0
P62696	0	0	0	0	0	0	0	1	0	0	0	0	0	0	0	0	0	0	0	0	0
P62702	0	0	0	0	0	0	0	0	1	0	0	0	0	1	0	0	0	0	0	0	0
P62717	0	0	0	0	0	0	0	0	0	0	0	0	0	1	0	0	0	0	0	0	0
P62737	0	0	0	0	0	0	0	0	0	0	0	0	0	0	1	0	0	0	0	0	0
P62748	0	0	0	0	0	1	0	0	0	0	0	0	0	0	0	0	0	0	0	0	0
P62751	0	0	0	0	0	0	0	0	1	0	0	0	0	0	0	0	0	0	0	0	0
P62754	0	0	0	0	0	0	0	0	1	0	0	0	0	0	0	0	0	0	0	0	0
P62774	0	0	0	1	0	0	0	0	0	0	0	0	0	0	0	0	0	0	0	0	0
P62830	0	0	0	0	0	0	0	0	0	0	0	0	0	1	0	0	0	0	0	0	0
P62843	0	0	0	0	0	0	0	0	1	0	0	0	0	0	0	0	0	0	0	0	0
P62876	0	0	0	0	0	0	0	0	0	1	0	0	0	0	0	0	0	0	0	0	0
P62878	0	0	0	0	0	0	0	0	0	0	0	0	0	0	0	0	1	0	0	0	0
P62880	0	0	0	0	0	1	0	0	0	0	0	0	0	0	0	0	0	0	0	0	0
P62897	1	0	0	0	0	0	0	0	0	0	0	0	0	0	0	0	0	0	0	0	0
P62911	0	0	0	0	0	0	0	0	1	0	0	0	0	0	0	0	0	0	0	0	0
P62918	0	0	0	0	0	0	0	0	0	0	0	0	0	1	0	0	0	0	0	0	0
P63001	0	0	0	0	0	0	0	1	0	0	0	0	0	0	0	0	0	0	0	0	0
P63011	0	0	0	0	0	1	0	0	0	0	0	0	0	0	0	0	0	0	0	0	0
P63017	0	0	0	0	0	0	0	0	0	0	0	0	1	0	0	0	0	0	0	0	0
P63024	0	0	0	0	0	0	0	0	0	0	0	0	0	0	0	0	0	1	0	0	0
P63030	0	0	0	0	0	0	0	0	0	0	0	0	1	0	0	0	0	0	0	0	0
P63038	1	0	0	0	0	0	0	0	0	0	0	0	0	0	0	0	0	0	0	0	0
P63073	0	0	0	0	0	0	0	0	1	0	0	0	0	0	0	0	0	0	0	0	0
P63082	0	0	0	0	0	1	0	0	0	0	0	0	0	0	0	0	0	0	0	0	0
P63087	0	0	0	0	0	0	0	0	0	0	0	0	0	0	0	1	0	0	0	0	0
P63094	0	0	0	0	0	0	0	1	0	0	0	0	0	0	0	0	0	0	0	0	0
P63139	0	0	0	1	0	0	0	0	0	0	0	0	0	0	0	0	0	0	0	0	0
P63168	0	0	0	0	1	0	0	0	0	0	0	0	0	0	0	0	0	0	0	0	0
P63213	0	0	0	0	0	0	0	1	0	0	0	0	0	0	0	0	0	0	0	0	0
P63242	0	0	0	0	0	0	0	0	0	0	0	0	1	0	0	0	0	0	0	0	0
P63276	0	0	0	0	0	0	0	0	1	0	0	0	0	1	0	0	0	0	0	0	0
P63300	0	0	0	0	0	0	0	0	0	0	0	0	1	0	0	0	0	0	0	0	0
P63321	0	0	0	0	0	0	0	0	0	0	0	0	0	0	0	0	1	0	0	0	0
P63325	0	0	0	0	0	0	0	0	1	0	0	0	0	0	0	0	0	0	0	0	0
P63328	0	0	0	0	0	1	0	0	0	0	0	0	0	0	0	0	0	0	0	0	0
P63330	0	0	0	0	0	0	0	0	0	0	0	0	1	0	0	0	0	0	0	0	0
P67984	0	0	0	0	0	0	0	0	0	0	0	0	0	1	0	0	0	0	0	0	0
P68134	0	0	0	0	0	0	0	0	0	0	0	0	0	0	1	0	0	0	0	0	0
P68181	0	0	1	0	0	0	0	0	0	0	0	0	0	0	0	0	0	0	0	0	0
P68254	0	0	0	0	0	0	0	0	0	0	0	0	0	0	0	0	0	0	0	0	1
P68369	0	0	0	0	0	0	0	0	0	0	0	0	0	0	0	0	1	0	0	0	0
P68404	0	0	1	0	0	0	0	0	0	0	0	0	0	0	0	0	0	0	0	0	0
P68510	0	0	0	1	0	0	0	0	0	0	0	0	0	0	0	0	0	0	0	0	0
P69566	0	0	0	0	0	0	0	0	0	0	0	0	0	0	0	0	0	0	1	1	0
P70122	0	0	0	0	0	0	0	1	0	0	0	0	0	0	0	0	0	0	0	0	0
P70158	0	0	0	0	0	0	0	0	0	1	0	0	0	0	0	0	0	0	0	0	0
P70168	0	0	0	0	0	0	0	1	0	0	0	0	0	0	0	0	0	0	0	0	0
P70175	0	0	0	0	0	1	0	0	0	0	0	0	0	0	0	0	0	0	0	0	0
P70195	0	0	0	0	0	0	0	0	0	0	0	0	0	0	1	0	0	0	0	0	0
P70196	0	0	0	0	0	0	0	0	0	0	0	0	0	0	0	0	0	0	0	1	0
P70227	0	0	0	0	0	0	0	0	0	0	0	0	0	0	0	1	0	0	0	0	0
P70236	0	0	0	0	0	0	0	0	0	0	0	0	1	0	0	0	0	0	0	0	0
P70248	0	0	0	0	0	0	0	0	0	0	0	0	0	0	0	0	0	1	0	0	0
P70265	0	0	0	0	0	0	0	0	0	0	0	0	0	0	0	0	1	0	0	0	0
P70266	0	0	0	0	0	0	0	0	0	0	0	0	1	0	0	0	0	0	0	0	0
P70271	0	0	1	0	0	0	0	0	0	0	0	0	0	0	0	0	0	0	0	0	0
P70279	0	0	0	0	0	0	0	0	0	0	0	0	0	0	0	0	0	0	0	1	0
P70288	0	0	0	0	0	0	0	0	0	0	0	0	0	0	0	0	0	0	0	1	0
P70296	0	0	0	0	0	0	0	0	0	0	0	0	0	0	0	0	0	0	1	0	0
P70302	0	0	0	0	0	0	0	0	0	0	0	0	1	0	0	0	0	0	0	0	0
P70313	0	1	0	0	0	0	0	0	0	0	0	0	0	0	0	0	0	0	0	0	1
P70335	0	0	0	0	0	0	0	0	0	0	0	1	0	0	0	0	0	0	0	0	0
P70349	0	0	0	0	0	0	0	0	0	1	0	0	0	0	0	0	0	0	0	0	0
P70362	0	0	0	0	0	0	0	1	0	0	0	0	0	0	0	0	0	0	0	0	0
P70372	0	0	0	1	0	0	0	0	0	0	0	0	0	0	0	0	0	0	0	0	0
P70387	0	0	0	0	0	0	0	0	0	0	0	0	0	0	0	0	0	0	0	0	1
P70399	0	0	0	0	0	0	0	0	0	0	0	0	0	0	0	0	0	0	1	0	0
P70404	1	0	0	0	0	0	0	0	0	0	0	0	0	0	0	0	0	0	0	0	0
P70429	0	0	0	0	0	0	0	0	0	0	0	0	0	0	0	0	0	1	0	0	0
P70441	0	0	0	0	0	0	0	0	0	1	0	0	0	0	0	0	0	0	0	0	0
P70451	0	0	1	0	0	0	0	0	0	0	0	0	0	0	0	0	0	0	0	0	0
P70662	0	0	0	0	0	0	0	0	0	0	0	0	0	0	0	0	0	0	0	1	0
P70663	0	0	1	0	0	0	0	0	0	0	0	0	0	0	0	0	0	0	0	0	0
P70670	0	0	0	0	0	0	0	0	0	0	0	0	1	0	0	0	0	0	0	0	0
P70677	0	0	0	0	0	0	0	0	0	0	0	0	0	0	0	1	0	0	0	0	0
P70694	0	0	0	0	0	0	0	0	0	0	1	0	0	0	0	0	0	0	0	0	0
P70696	0	0	0	0	0	0	0	0	0	0	0	0	0	0	0	0	0	0	1	0	0
P70699	0	0	0	0	0	0	0	0	0	0	1	0	0	0	0	0	0	0	0	0	0
P70704	0	0	0	0	0	1	0	0	0	0	0	0	0	0	0	0	0	0	0	0	0
P80313	0	0	0	0	0	0	0	1	0	0	0	0	0	0	0	0	0	0	0	0	0
P80314	0	0	0	0	0	0	0	0	0	0	0	0	0	0	0	0	0	0	1	0	0
P80315	0	0	0	0	0	0	0	0	0	0	0	0	0	0	0	0	0	0	1	0	0
P80316	0	0	0	0	0	0	0	1	0	0	0	0	0	0	0	0	0	0	0	0	0
P80318	0	0	0	0	0	0	0	0	0	0	0	0	0	0	0	0	0	0	1	0	0
P81117	0	0	0	0	0	0	0	0	0	0	0	0	0	1	0	0	0	0	0	0	0
P82343	0	0	0	0	0	0	0	1	0	0	0	0	0	0	0	0	0	0	0	0	0
P82347	0	0	0	0	0	0	0	0	0	0	0	0	1	0	0	0	0	0	0	0	0
P82349	0	0	0	0	0	0	0	0	0	0	0	0	1	0	0	0	0	0	0	0	0
P83882	0	0	0	0	0	0	0	0	1	0	0	0	0	0	0	0	0	0	0	0	0
P83887	0	0	0	0	0	0	0	1	0	0	0	0	0	0	0	0	0	0	0	0	0
P84084	0	0	0	0	0	0	0	0	0	0	0	0	0	0	0	0	1	0	0	0	0
P84091	0	0	0	0	0	1	0	0	0	0	0	0	0	0	0	0	1	0	0	0	0
P84096	0	0	0	0	0	0	0	0	0	0	0	0	0	0	0	0	1	0	0	0	0
P84099	0	0	0	0	0	0	0	0	0	0	0	0	0	1	0	0	0	0	0	0	0
P84102	0	0	0	0	0	0	0	0	1	0	0	0	0	0	0	0	0	0	0	0	0
P85094	1	0	0	0	0	0	0	0	0	0	0	0	0	0	0	0	0	0	0	0	0
P97287	0	0	0	1	0	0	0	0	0	0	0	0	0	0	0	0	0	0	0	0	0
P97290	0	0	0	0	1	0	0	0	0	0	0	0	0	0	0	0	0	0	0	0	0
P97298	0	0	0	1	0	0	0	0	0	0	0	0	0	0	0	0	0	0	0	0	0
P97300	0	0	0	0	0	1	0	0	0	0	0	0	0	0	0	0	0	0	0	0	0
P97306	0	0	0	0	0	0	0	0	0	1	0	0	0	0	0	0	0	0	0	0	0
P97310	0	0	0	0	0	0	0	0	0	0	0	0	0	0	0	0	0	0	0	1	0
P97311	0	0	0	1	0	0	0	0	0	0	0	0	0	0	0	0	0	0	0	0	0
P97313	0	0	0	0	0	0	0	0	0	0	0	0	0	0	0	0	0	0	1	0	0
P97314	0	0	1	0	0	0	0	0	0	1	0	0	0	0	0	0	0	0	0	0	0
P97315	0	0	1	0	0	0	0	0	0	0	0	0	0	0	0	0	0	0	0	0	0
P97328	0	0	0	0	0	0	0	0	0	1	1	0	0	0	0	0	0	0	0	0	0
P97351	0	0	0	0	0	0	0	1	0	0	0	0	0	0	0	0	0	0	0	0	0
P97355	0	0	0	0	0	0	0	1	0	0	0	0	0	0	0	0	0	0	0	0	0
P97360	0	0	0	0	0	0	0	0	0	1	0	0	0	0	0	0	0	0	0	0	0
P97364	0	0	0	0	0	0	0	0	0	0	1	0	0	0	0	0	0	0	0	0	0
P97366	0	0	0	0	0	0	0	0	0	0	1	0	0	0	0	0	0	0	0	0	0
P97369	0	0	0	1	0	0	0	0	0	0	0	0	0	0	0	0	0	0	0	0	0
P97377	0	0	0	0	0	0	0	0	0	0	0	0	0	0	0	0	0	0	1	1	0
P97384	0	0	0	0	0	0	0	0	0	0	0	0	1	0	0	0	0	0	0	0	0
P97386	0	0	0	0	0	0	0	0	0	0	0	0	0	0	0	0	0	0	1	0	0
P97393	0	0	0	0	0	1	0	0	0	0	0	0	0	0	0	0	0	0	0	0	0
P97427	0	0	0	0	0	1	0	0	0	0	0	0	0	0	0	0	0	0	0	0	0
P97434	0	0	0	0	1	0	0	0	0	0	0	0	0	0	0	0	0	0	0	0	0
P97447	0	0	1	0	0	0	0	0	0	0	0	0	0	0	0	0	0	0	0	0	0
P97450	0	0	0	0	0	0	0	0	0	0	0	0	1	0	0	0	0	0	0	0	0
P97461	0	0	0	0	0	0	0	0	1	0	0	0	0	1	0	0	0	0	0	0	0
P97467	0	0	0	0	0	0	0	0	0	0	0	0	0	0	0	0	1	0	0	0	0
P97470	0	0	0	0	0	0	0	0	0	0	0	0	0	0	0	0	0	0	0	1	0
P97473	0	0	0	0	0	0	0	0	0	0	0	0	0	0	0	0	0	0	1	0	0
P97478	0	0	0	0	0	0	0	0	0	0	0	0	1	0	0	0	0	0	0	0	0
P97479	0	0	0	0	0	0	0	0	0	0	0	0	0	0	0	0	0	0	1	0	0
P97493	1	0	0	0	0	0	0	0	0	0	0	0	0	0	0	0	0	0	0	0	0
P97496	0	0	0	0	0	0	0	0	0	0	0	0	0	0	0	0	0	0	0	1	0
P97499	0	0	0	0	0	0	0	0	0	0	0	0	0	0	0	1	0	0	0	0	0
P97742	0	0	0	0	0	0	0	0	0	1	0	0	0	0	0	0	0	0	0	0	0
P97772	0	0	0	0	0	1	0	0	0	0	0	0	0	0	0	0	0	0	0	0	0
P97789	0	0	0	0	0	0	0	0	0	0	0	0	0	0	0	0	0	0	0	1	0
P97792	0	0	0	0	0	0	0	0	0	0	0	1	0	0	0	0	0	0	0	0	0
P97797	0	0	0	0	0	1	0	0	0	0	0	0	0	0	0	0	0	0	0	0	0
P97798	0	0	0	0	0	1	0	0	0	0	0	0	0	0	0	0	0	0	0	0	0
P97807	1	0	0	0	0	0	0	0	0	0	0	0	0	0	0	0	0	0	0	0	0
P97808	0	0	0	0	0	0	0	0	0	1	0	0	0	0	0	0	0	0	0	0	0
P97819	0	0	0	0	0	0	0	0	0	0	0	0	0	0	0	0	0	0	1	0	0
P97822	0	0	0	0	0	0	0	1	0	0	0	0	0	0	0	0	0	0	0	0	0
P97823	0	0	0	0	0	0	0	1	0	0	0	0	0	0	0	0	0	0	0	0	0
P97825	0	0	0	0	0	0	0	0	0	0	0	0	0	0	0	0	0	0	1	0	0
P97864	0	0	0	0	0	0	0	0	0	0	0	0	0	0	0	1	0	0	0	0	0
P97865	0	0	0	0	0	0	0	0	0	0	1	0	0	0	0	0	0	0	0	0	0
P97868	0	0	0	0	0	0	0	0	0	0	0	0	0	0	0	0	0	0	1	0	0
P97872	0	0	1	0	0	0	0	0	0	0	1	0	0	0	0	0	0	0	0	0	0
P97927	0	0	0	0	0	0	0	0	0	0	0	0	0	0	0	0	0	0	0	0	1
P98086	0	0	0	1	0	0	0	0	0	0	0	0	0	0	0	0	0	0	0	0	0
P98197	0	0	0	0	0	0	0	0	0	1	0	0	0	0	0	0	0	0	0	0	0
P98203	0	0	0	0	0	0	0	1	0	0	0	0	0	0	0	0	0	0	0	0	0
P99026	0	0	0	0	0	0	0	1	0	0	0	0	0	0	0	0	0	0	0	0	0
P99027	0	0	0	0	0	0	0	0	1	0	0	0	0	0	0	0	0	0	0	0	0
Q00558	0	0	0	0	0	1	0	0	0	0	0	0	0	0	0	0	0	0	0	0	0
Q00560	0	0	0	0	0	1	0	0	0	0	0	0	0	0	0	0	0	0	0	0	0
Q00612	0	0	0	1	0	0	0	0	0	0	0	0	0	0	0	0	0	0	0	0	0
Q00623	0	0	0	0	0	0	0	0	0	0	0	0	0	0	1	0	0	0	0	0	0
Q00897	0	0	0	0	0	0	0	0	0	0	0	0	0	0	1	0	0	0	0	0	0
Q00915	0	0	0	0	0	0	0	1	0	0	0	0	0	0	0	0	0	0	0	0	0
Q00PI9	0	0	0	0	0	0	0	1	0	0	0	0	0	0	0	0	0	0	0	0	0
Q01149	0	0	0	0	0	0	0	0	0	0	0	0	0	0	1	0	0	0	0	0	0
Q01279	0	0	0	0	0	0	0	0	0	0	1	0	0	0	0	0	0	0	0	0	0
Q01341	0	0	0	0	0	0	0	0	0	0	0	0	0	0	0	0	0	0	0	0	1
Q01768	0	0	0	0	0	0	0	0	0	0	0	0	1	0	0	0	0	0	0	0	0
Q01853	0	0	0	0	0	0	0	1	0	0	0	0	0	0	0	0	0	0	0	0	0
Q02257	0	0	0	0	0	0	0	0	0	0	0	0	0	0	1	0	0	0	0	0	0
Q02357	0	0	0	0	0	1	0	0	0	0	0	0	0	0	0	0	0	0	0	0	0
Q02614	0	1	0	0	0	0	0	0	0	0	0	0	0	0	0	0	0	0	0	0	0
Q03173	0	0	1	0	0	0	0	0	0	0	0	0	0	0	0	0	0	0	0	0	0
Q03249	0	0	0	0	0	0	0	0	0	0	1	0	0	0	0	0	0	0	0	0	0
Q03265	0	0	0	0	0	0	0	0	0	0	0	0	1	0	0	0	0	0	0	0	0
Q03311	0	0	0	0	0	0	0	0	0	0	0	0	0	0	0	0	0	0	0	0	1
Q03734	0	0	0	0	0	0	0	0	0	0	0	0	0	0	1	0	0	0	0	0	0
Q04447	0	0	0	0	0	1	0	0	0	0	0	0	0	0	0	0	0	0	0	0	0
Q04519	1	0	0	0	0	0	0	0	0	0	0	0	0	0	0	0	0	0	0	0	0
Q04690	0	0	0	0	0	1	0	0	0	0	0	0	0	0	0	0	1	0	0	0	0
Q05144	0	0	0	0	0	0	0	0	0	0	0	0	0	0	0	0	0	1	0	0	0
Q05186	0	0	0	0	0	0	0	0	0	0	0	0	0	0	1	0	0	0	0	0	0
Q05421	0	0	0	0	0	0	0	0	0	0	1	0	0	0	0	0	0	0	0	0	0
Q05816	0	0	0	0	0	0	0	1	0	0	0	0	0	0	0	0	0	0	0	0	0
Q05909	0	0	0	0	0	0	0	0	0	0	0	0	0	0	0	0	1	0	0	0	0
Q05921	0	0	0	0	0	0	1	0	0	0	0	0	0	0	0	0	0	0	0	0	0
Q05CL8	0	0	0	0	0	0	0	0	0	0	0	0	0	0	0	0	0	0	1	0	0
Q05D44	0	0	0	0	0	0	0	0	1	0	0	0	0	0	0	0	0	0	0	0	0
Q06138	0	0	0	0	0	0	0	0	0	0	0	0	0	0	0	0	1	0	0	0	0
Q06180	0	0	0	0	0	0	0	0	0	0	0	0	0	0	0	0	0	0	0	1	0
Q06185	0	0	0	0	0	0	0	0	0	0	0	0	1	0	0	0	0	0	0	0	0
Q06770	0	0	0	0	0	0	0	0	0	0	0	0	0	0	1	0	0	0	0	0	0
Q07417	1	0	0	0	0	0	0	0	0	0	0	0	0	0	0	0	0	0	0	0	0
Q07797	0	1	0	0	0	0	0	0	0	0	0	0	0	0	0	0	0	0	0	0	0
Q07813	0	0	0	0	0	0	0	0	0	0	0	1	0	0	0	0	0	0	0	0	0
Q07968	0	0	0	0	0	0	0	0	0	0	0	0	0	0	0	0	0	0	0	0	1
Q08091	0	0	1	0	0	0	0	0	0	0	0	0	0	0	0	0	0	0	0	0	0
Q08288	0	0	0	0	0	0	0	0	0	0	0	0	0	0	0	0	0	0	1	0	0
Q08331	0	0	0	0	0	1	0	0	0	0	0	0	0	0	0	0	0	0	0	0	0
Q08642	0	0	0	0	0	0	0	0	0	0	0	0	1	0	0	0	0	0	0	0	0
Q08857	0	0	0	0	0	0	0	0	0	0	0	0	0	0	0	0	0	0	0	0	1
Q08879	0	0	1	0	0	0	0	0	0	0	0	0	0	0	0	0	0	0	0	0	0
Q09200	0	0	0	0	0	0	0	0	0	0	0	0	0	0	0	1	0	0	0	0	0
Q09XV5	0	0	0	0	0	0	0	0	0	0	0	0	0	0	0	0	0	0	0	1	0
Q0GNC1	0	0	0	0	0	0	0	0	0	0	0	0	0	0	0	0	1	0	0	0	0
Q0KL01	0	0	0	0	0	0	0	0	0	0	0	0	0	0	0	0	1	0	0	0	0
Q0KL02	0	0	0	0	0	1	0	0	0	0	0	0	0	0	0	0	0	0	0	0	0
Q0P5W1	0	0	0	0	0	1	0	0	0	0	0	0	0	0	0	0	0	0	0	0	0
Q0VGY8	0	0	0	0	0	1	0	0	0	0	0	0	0	0	0	0	0	0	0	0	0
Q11011	0	0	0	0	0	0	0	1	0	0	0	0	0	0	0	0	0	0	0	0	0
Q11136	0	0	0	0	0	0	0	0	0	1	0	0	0	0	0	0	0	0	0	0	0
Q148V7	0	0	0	0	0	0	0	0	0	0	0	0	0	0	0	0	1	0	0	0	0
Q14C51	1	0	0	0	0	0	0	0	0	0	0	0	0	0	0	0	0	0	0	0	0
Q14CH1	0	0	0	0	0	0	0	0	0	0	1	0	0	0	0	0	0	0	0	0	0
Q14CH7	1	0	0	0	0	0	0	0	0	0	0	0	0	0	0	0	0	0	0	0	0
Q14DH7	1	0	0	0	0	0	0	0	0	0	0	0	0	0	0	0	0	0	0	0	0
Q1ERP8	0	1	0	0	0	0	0	0	0	0	0	0	0	0	0	0	0	0	0	0	0
Q1HFZ0	0	0	0	1	0	0	0	0	0	0	0	0	0	0	0	0	0	0	0	0	0
Q1XH17	0	0	0	0	0	0	0	0	0	0	0	0	1	0	0	0	0	0	0	0	0
Q2HXL6	0	0	0	0	0	0	0	0	1	0	0	0	0	1	0	0	0	0	0	0	0
Q2TPA8	1	0	0	0	0	0	0	0	0	0	0	0	0	0	0	0	0	0	0	0	0
Q2VLH6	0	1	0	0	0	0	0	0	0	0	0	0	0	0	0	0	0	0	0	0	1
Q2YDW2	0	0	0	0	0	0	0	0	0	0	0	0	0	0	0	0	0	0	1	0	0
Q3T9E4	0	0	0	0	0	0	0	0	0	0	0	0	0	0	0	0	0	1	0	0	0
Q3TAS6	0	0	0	0	0	0	0	0	0	0	0	0	0	1	0	0	0	0	0	0	0
Q3TB82	0	0	1	0	0	0	0	0	0	0	0	0	0	0	0	0	0	0	0	0	0
Q3TBW2	1	0	0	0	0	0	0	0	0	0	0	0	0	0	0	0	0	0	0	0	0
Q3TC33	0	0	0	0	0	0	0	0	0	0	0	0	1	0	0	0	0	0	0	0	0
Q3TC72	1	0	0	0	0	0	0	0	0	0	0	0	0	0	0	0	0	0	0	0	0
Q3TDK6	0	0	0	0	0	0	0	0	0	0	0	0	0	0	0	0	1	0	0	0	0
Q3TDN2	0	0	0	0	0	0	0	0	0	0	0	0	0	0	0	0	0	0	1	0	0
Q3TEA8	0	0	0	0	0	0	0	1	0	0	0	0	0	0	0	0	0	0	0	0	0
Q3TFD2	0	0	0	0	0	0	0	0	0	0	0	1	0	0	0	0	0	0	0	0	0
Q3TGF2	0	0	0	0	0	0	0	0	0	0	0	0	0	0	0	0	0	1	0	0	0
Q3TGW2	0	0	0	0	0	0	0	0	0	0	0	0	0	0	0	0	0	0	0	0	1
Q3THG9	0	0	0	0	0	0	0	1	0	0	0	0	0	0	0	0	0	0	0	0	0
Q3THW5	0	0	0	0	0	0	0	0	0	0	0	0	0	0	1	0	0	0	0	0	0
Q3TIX9	0	0	0	0	0	0	0	0	0	0	0	0	0	0	0	0	0	0	0	1	0
Q3TJD7	0	0	1	0	0	0	0	0	0	0	0	0	1	0	0	0	0	0	0	0	0
Q3TJZ6	0	0	0	0	0	0	0	0	1	0	0	0	0	1	0	0	0	0	0	0	0
Q3TKT4	0	0	0	0	0	0	0	0	0	0	0	0	0	0	0	0	0	0	0	1	0
Q3TKY6	0	0	0	0	0	0	0	0	0	0	0	0	0	0	1	0	0	0	0	0	0
Q3TLI0	0	0	0	0	0	1	0	0	0	0	0	0	0	0	0	0	0	0	0	0	0
Q3TLP5	0	0	0	0	0	0	0	0	0	1	0	0	0	0	0	0	0	0	0	0	0
Q3TLS3	0	0	0	0	0	0	0	0	0	0	0	0	0	0	0	0	1	0	0	0	0
Q3TMH2	0	0	0	0	0	0	0	0	0	0	0	0	1	0	0	0	0	0	0	0	0
Q3TMX7	0	0	0	0	0	0	0	0	1	0	0	0	0	1	0	0	0	0	0	0	0
Q3TQB2	0	0	0	0	0	0	0	0	0	0	0	0	0	0	0	0	1	0	0	0	0
Q3TQI7	0	0	0	0	0	0	0	0	0	0	0	0	0	0	0	0	0	1	0	0	0
Q3TRM4	0	0	0	0	0	0	0	0	0	0	0	0	0	0	0	0	1	0	0	0	0
Q3TRM8	0	0	0	1	0	0	0	0	0	0	0	0	0	0	0	0	0	0	0	0	0
Q3TSG4	0	0	0	0	0	0	0	0	0	0	0	0	0	0	0	0	0	0	0	1	0
Q3TVI8	0	0	0	0	0	0	0	0	0	0	0	0	1	0	0	0	0	0	0	0	0
Q3TWI9	0	0	0	0	0	0	0	0	0	0	0	0	0	0	0	0	1	0	0	0	0
Q3TXS7	0	0	0	0	0	0	0	0	0	0	0	0	1	0	0	0	0	0	0	0	0
Q3TYD6	0	0	0	0	0	0	0	0	0	1	0	0	0	0	0	1	0	0	0	0	0
Q3TYS2	0	0	0	0	0	0	0	0	0	0	0	0	0	0	0	0	0	0	0	1	0
Q3TYX3	0	0	0	0	0	0	0	0	0	0	0	0	0	0	0	0	1	0	0	0	0
Q3TZM9	0	0	0	0	0	0	0	0	1	0	0	0	0	0	0	0	0	0	0	0	0
Q3TZX8	0	0	0	0	0	0	0	0	0	0	0	0	0	0	0	0	0	0	0	1	0
Q3TZZ7	0	0	0	0	0	0	0	0	0	0	0	1	0	0	0	0	0	0	0	0	0
Q3U0D9	0	0	0	0	0	0	0	0	0	0	0	0	0	0	0	0	0	0	1	0	0
Q3U0M1	0	0	0	0	0	1	0	0	0	0	0	0	0	0	0	0	0	0	0	0	0
Q3U0V1	0	0	0	1	0	0	0	0	0	0	0	0	0	0	0	0	0	0	0	0	0
Q3U1J4	1	0	0	0	0	0	0	0	0	0	0	0	0	0	0	0	0	0	0	0	0
Q3U2A8	1	0	0	0	0	0	0	0	0	0	0	0	0	0	0	0	0	0	0	0	0
Q3U2V3	0	0	0	0	0	0	0	0	0	0	0	0	0	0	0	0	0	0	1	0	0
Q3U308	0	0	0	0	0	0	0	0	0	0	0	0	0	0	0	0	0	1	0	0	0
Q3U319	0	0	0	1	0	0	0	0	0	0	0	0	0	0	0	0	0	0	0	0	0
Q3U3R4	0	0	0	0	0	0	0	0	0	0	0	0	0	1	0	0	0	0	0	0	0
Q3U487	0	0	0	0	0	0	0	0	0	0	0	0	0	0	0	1	0	0	0	0	0
Q3U4G3	0	0	0	0	0	0	0	0	0	0	0	0	1	0	0	0	0	0	0	0	0
Q3U7R1	0	0	0	0	0	0	0	0	0	0	0	0	0	0	0	0	0	0	0	0	1
Q3U7U3	0	0	0	0	0	1	0	0	0	0	0	0	0	0	0	0	0	0	0	0	0
Q3U821	0	0	0	0	0	0	0	0	0	0	0	0	0	0	0	0	0	1	0	0	0
Q3U829	0	0	0	0	0	0	0	0	0	0	0	0	0	0	0	0	0	0	1	0	0
Q3U962	0	0	0	0	0	0	0	0	0	0	0	0	0	0	1	0	0	0	0	0	0
Q3UA37	0	0	0	0	0	0	0	0	0	0	0	0	0	0	0	0	0	0	1	0	0
Q3UBX0	0	0	0	0	0	0	0	0	0	0	0	0	1	0	0	0	0	0	0	0	0
Q3UCV8	0	0	0	0	0	0	0	0	0	0	0	0	0	0	0	0	0	1	0	0	0
Q3UD01	0	0	0	0	0	0	0	0	1	0	0	0	0	0	0	0	0	0	0	0	0
Q3UDK1	0	0	0	0	0	0	0	0	0	0	0	0	0	0	0	0	0	0	1	0	0
Q3UDP0	0	0	0	0	0	1	0	0	0	0	0	0	0	0	0	0	0	0	0	0	0
Q3UDR8	0	0	0	0	0	0	0	0	0	0	0	0	0	1	0	0	0	0	0	0	0
Q3UDW8	0	1	0	0	0	0	0	0	0	0	0	0	0	0	0	0	0	0	0	0	0
Q3UE31	0	0	0	0	0	0	0	0	0	0	0	0	0	0	0	0	1	0	0	0	0
Q3UEB3	0	0	0	0	0	0	0	1	0	0	0	0	0	0	0	0	0	0	0	0	0
Q3UFS0	0	0	0	0	0	1	0	0	0	0	0	0	0	0	0	0	0	0	0	0	0
Q3UFY7	0	0	0	0	0	0	0	0	0	0	0	0	0	0	0	0	0	0	0	1	0
Q3UFY8	1	0	0	0	0	0	0	0	0	1	0	0	0	0	0	0	0	0	0	0	0
Q3UGR5	0	0	0	0	0	0	0	0	0	0	0	0	1	0	0	0	0	0	0	0	0
Q3UH60	0	0	0	0	0	1	0	0	0	0	0	0	0	0	0	0	0	0	0	0	0
Q3UH68	0	0	0	0	1	0	0	0	0	0	0	1	0	0	0	0	0	0	0	0	0
Q3UHA3	0	0	0	0	0	0	0	0	0	0	0	0	0	0	0	0	0	0	1	0	0
Q3UHB1	0	0	0	0	0	1	0	0	0	0	0	0	0	0	0	0	0	0	0	0	0
Q3UHH1	0	0	0	0	0	0	0	0	0	0	0	0	0	0	0	0	0	0	1	0	0
Q3UHH8	0	0	0	0	0	0	0	0	0	0	0	0	0	0	0	0	0	0	1	0	0
Q3UHI4	0	0	1	0	0	0	0	0	0	0	0	0	0	0	0	0	0	0	0	0	0
Q3UHJ0	0	0	0	0	0	1	0	0	0	0	0	0	0	0	0	0	0	0	0	0	0
Q3UIL6	0	0	0	0	0	0	0	0	0	1	0	0	0	0	0	0	0	0	0	0	0
Q3UIU2	1	0	0	0	0	0	0	0	0	0	0	0	0	0	0	0	0	0	0	0	0
Q3UJB9	0	0	0	0	0	0	0	0	0	0	0	0	0	0	0	0	0	0	1	0	0
Q3UJP5	0	0	0	0	0	0	0	0	0	0	0	0	0	0	0	0	1	0	0	0	0
Q3UJU9	1	0	0	0	0	0	0	0	0	0	0	0	0	0	0	0	0	0	0	0	0
Q3UKC1	0	0	0	0	0	0	0	0	0	0	0	0	0	0	0	0	0	0	1	0	0
Q3ULD5	1	0	0	0	0	0	0	0	0	0	0	0	0	0	0	0	0	0	0	0	0
Q3ULF4	1	0	0	0	0	0	0	0	0	0	0	0	0	0	0	0	0	0	0	0	0
Q3ULW8	0	0	0	0	0	0	0	0	0	0	0	0	1	0	0	0	0	0	0	0	0
Q3UMC0	0	0	0	0	0	0	0	0	0	0	0	0	0	0	0	0	0	0	1	0	0
Q3UMF0	0	0	0	0	0	0	0	0	0	1	0	0	0	0	0	0	0	0	0	0	0
Q3UMR0	0	0	0	0	0	0	0	0	0	0	0	0	0	0	0	0	0	0	1	0	0
Q3UMR5	0	0	0	0	0	0	0	0	0	0	0	0	1	0	0	0	0	0	0	0	0
Q3UMT1	0	0	1	0	0	0	0	0	0	0	0	0	0	0	0	0	0	0	0	0	0
Q3UMW7	0	0	0	0	0	0	1	0	0	0	0	0	0	0	0	0	0	0	0	0	0
Q3UMW8	1	0	0	0	0	0	0	0	0	0	0	0	0	0	0	0	0	0	0	0	0
Q3UNZ8	0	0	0	0	0	0	0	0	0	1	0	0	0	0	0	0	0	0	0	0	0
Q3UPH1	0	0	0	0	0	0	0	0	1	0	0	0	0	0	0	0	0	0	0	0	0
Q3UPL0	0	0	0	0	0	0	0	0	0	0	0	0	0	1	0	0	0	0	0	0	0
Q3UPL5	0	0	1	0	0	0	0	0	0	0	0	0	0	0	0	0	0	0	0	0	0
Q3UQ28	0	0	0	0	0	0	0	0	0	0	0	0	0	0	0	0	0	0	0	0	1
Q3UQ44	0	0	0	0	0	0	0	0	0	0	1	0	0	0	0	0	0	0	0	0	0
Q3UQ84	1	0	0	0	0	0	0	0	0	0	0	0	0	0	0	0	0	0	0	0	0
Q3UR97	0	0	0	0	0	0	0	0	0	0	0	0	0	0	0	0	0	0	1	0	0
Q3URD3	0	0	1	0	0	0	0	0	0	0	0	0	0	0	0	0	0	0	0	0	0
Q3URE1	1	0	0	0	0	0	0	0	0	0	0	0	0	0	0	0	0	0	0	0	0
Q3URS9	1	0	0	0	0	0	0	0	0	0	0	0	0	0	0	0	0	0	0	0	0
Q3USB7	0	0	0	0	0	0	0	0	0	0	0	0	0	0	0	0	1	0	0	0	0
Q3USH5	0	0	0	0	0	0	0	0	0	0	0	0	0	0	0	0	0	0	1	0	0
Q3UTD9	0	0	0	0	0	0	0	0	0	1	0	0	1	0	0	0	0	0	0	0	0
Q3UTJ2	0	0	1	0	0	0	0	0	0	0	0	0	0	0	0	0	0	0	0	0	0
Q3UTZ3	0	0	0	0	0	0	0	0	0	0	0	0	0	0	0	0	1	0	0	0	0
Q3UU96	0	0	0	0	0	1	0	0	0	0	0	0	0	0	0	0	0	0	0	0	0
Q3UUG6	0	0	0	0	0	0	0	0	0	0	0	0	0	0	0	0	1	0	0	0	0
Q3UUI3	0	0	0	0	0	0	0	0	0	0	0	0	0	0	0	0	1	0	0	0	0
Q3UUQ7	0	0	0	0	0	0	0	0	0	0	0	0	0	0	0	0	1	0	0	0	0
Q3UV70	0	0	0	0	0	0	0	0	0	0	0	0	1	0	0	0	0	0	0	0	0
Q3UY34	0	0	0	0	0	0	0	1	0	0	0	0	0	0	0	0	0	0	0	0	0
Q3UYC0	0	0	0	0	0	1	0	0	0	0	0	0	0	0	0	0	0	0	0	0	0
Q3UYI5	0	0	0	0	0	0	0	0	0	1	0	0	0	0	0	0	0	0	0	0	0
Q3UYV9	0	0	0	0	0	0	0	0	0	0	0	0	0	0	0	0	0	0	0	1	0
Q3UZA1	0	0	0	1	0	0	0	0	0	0	0	0	0	0	0	0	0	0	0	0	0
Q3V0C5	0	0	0	0	0	0	0	0	0	0	0	0	0	0	0	0	0	0	1	0	0
Q3V0K9	0	0	0	0	0	0	0	0	0	0	0	0	0	0	0	1	0	0	0	0	0
Q3V384	1	0	0	0	0	0	0	0	0	0	0	0	0	0	0	0	0	0	0	0	0
Q3V3Q7	0	0	0	0	0	1	0	0	0	0	0	0	0	0	0	0	1	0	0	0	0
Q3V4B5	0	0	0	0	0	0	0	0	0	0	1	0	0	0	0	0	0	0	0	0	0
Q497V5	0	0	0	0	0	0	0	0	0	0	0	0	0	0	0	0	0	0	1	0	0
Q4ACU6	0	0	0	0	1	0	0	0	0	0	0	1	0	0	0	0	0	0	0	0	0
Q4FK66	0	1	0	0	0	0	0	0	0	0	0	0	0	0	0	0	0	0	0	0	0
Q4FZC9	0	0	0	0	0	0	0	0	0	0	0	0	0	0	0	0	0	0	0	1	0
Q4KMM3	0	0	0	0	0	1	0	0	0	0	0	0	0	0	0	0	0	0	0	0	0
Q4KWH5	0	0	0	0	0	0	0	0	0	0	0	0	0	0	0	0	0	0	1	0	0
Q4PJX1	0	0	0	0	0	0	0	0	1	0	0	0	0	0	0	0	0	0	0	0	0
Q4PZA2	0	0	0	0	1	0	0	0	0	0	0	1	0	0	0	0	0	0	0	0	0
Q4U2R1	0	0	0	0	0	0	0	0	0	0	0	0	0	0	0	0	0	0	1	0	0
Q4VAA2	0	0	0	0	0	0	0	1	0	0	0	0	0	0	0	0	0	0	0	0	0
Q4VC33	0	0	0	0	0	0	0	0	0	0	0	0	0	0	0	0	0	0	1	0	0
Q501J2	0	0	0	0	0	0	0	1	0	0	0	0	0	0	0	0	0	0	0	0	0
Q501J6	0	0	0	0	0	0	0	1	0	0	0	0	0	0	0	0	0	0	0	0	0
Q505B7	0	0	0	0	0	0	0	1	0	0	0	0	0	0	0	0	0	0	0	0	0
Q505D1	0	0	0	0	0	0	0	0	0	1	0	0	0	0	0	0	0	0	0	0	0
Q505D7	0	0	0	0	0	0	0	1	0	0	0	0	0	0	0	0	0	0	0	0	0
Q52KI8	0	0	0	0	0	0	0	0	0	0	0	0	0	0	0	0	0	1	0	0	0
Q571E4	0	0	0	0	0	0	0	0	0	1	0	0	0	0	0	0	0	0	0	0	0
Q5BL07	0	0	0	0	0	0	0	0	0	0	1	0	0	0	0	0	0	0	0	0	0
Q5DTX6	0	0	0	0	1	0	0	0	0	0	0	0	0	0	0	0	0	0	0	0	0
Q5DU25	0	0	0	0	0	0	0	0	0	1	0	0	0	0	0	0	0	0	0	0	0
Q5DU37	0	0	0	0	0	0	0	0	0	0	0	0	0	0	0	0	0	0	1	0	0
Q5DW34	0	0	0	0	0	0	0	0	0	0	0	0	0	0	0	0	0	0	0	1	0
Q5EBG6	0	0	0	0	0	0	0	0	0	0	0	0	0	0	1	0	0	0	0	0	0
Q5EBG8	0	0	0	0	0	0	0	0	1	0	0	0	0	0	0	0	0	0	0	0	0
Q5FW60	0	0	0	0	0	0	0	0	0	0	1	0	0	0	0	0	0	0	0	0	0
Q5FWI3	0	0	0	0	1	0	0	0	0	0	0	1	0	0	0	0	0	0	0	0	0
Q5H8C4	0	0	0	0	0	0	0	0	0	0	0	0	0	0	0	0	0	0	1	0	0
Q5HZI9	1	0	0	0	0	0	0	0	0	0	0	0	0	0	0	0	0	0	0	0	0
Q5I012	0	0	0	0	0	0	0	0	0	0	0	0	0	0	1	0	0	0	0	0	0
Q5IRJ6	0	0	0	0	0	1	0	0	0	0	0	0	0	0	0	0	0	0	0	0	0
Q5M8N0	0	0	0	0	0	0	0	1	0	0	0	0	0	0	0	0	0	0	0	0	0
Q5M8N4	0	0	0	0	0	0	0	0	0	0	0	0	1	0	0	0	0	0	0	0	0
Q5NBX1	0	0	0	0	0	0	0	0	0	0	0	0	0	0	0	1	0	0	0	0	0
Q5PRF0	0	0	0	0	0	0	0	0	0	0	0	0	0	0	0	1	0	0	0	0	0
Q5RJG1	0	0	0	0	0	0	0	0	0	0	0	0	0	0	0	0	0	0	0	1	0
Q5RKZ7	0	0	0	0	0	0	0	0	0	0	1	0	0	0	0	0	0	0	0	0	0
Q5SF07	0	0	0	0	0	0	1	0	0	0	0	0	0	0	0	0	0	0	0	0	0
Q5SFM8	0	0	0	0	0	0	0	0	0	0	0	0	0	0	0	0	0	0	1	0	0
Q5SNZ0	0	0	0	0	0	1	0	0	0	0	0	0	0	0	0	0	0	0	1	0	0
Q5SQX6	0	0	0	0	0	1	0	0	0	0	0	0	0	0	0	0	0	0	0	0	0
Q5SQY2	0	0	0	0	0	0	0	0	0	0	0	0	0	0	0	0	1	0	0	0	0
Q5SRX1	0	0	0	0	0	0	0	0	0	0	0	0	0	0	1	0	0	0	0	0	0
Q5SRY7	0	0	0	0	0	1	0	0	0	0	0	0	0	0	0	0	0	0	0	0	0
Q5SS80	0	0	0	0	0	0	0	0	0	1	0	0	0	0	0	0	0	0	0	0	0
Q5SSH7	0	0	0	0	0	0	0	0	0	0	0	0	0	0	0	1	0	0	0	0	0
Q5SSK3	1	0	0	0	0	0	0	0	0	0	0	0	0	0	0	0	0	0	0	0	0
Q5SSL4	0	0	0	0	0	1	0	0	0	0	0	0	0	0	0	0	0	0	0	0	0
Q5SSW2	0	0	0	0	0	0	0	0	0	0	0	0	0	0	0	0	0	0	1	0	0
Q5SSZ5	0	0	0	0	0	0	0	0	0	0	0	1	0	0	0	0	0	0	0	0	0
Q5SUA5	0	0	0	0	0	0	0	0	0	0	0	0	0	0	0	0	0	1	0	0	0
Q5SUC9	1	0	0	0	0	0	0	0	0	0	0	0	0	0	0	0	0	0	0	0	0
Q5SUQ9	0	0	0	0	0	0	0	0	0	0	0	0	0	0	0	0	0	0	0	1	0
Q5SUR0	0	0	0	0	0	0	0	0	0	0	0	0	0	1	0	0	0	0	0	0	0
Q5SVL6	0	0	0	0	0	0	0	0	0	0	0	0	0	1	0	0	0	0	0	0	0
Q5SWP3	0	0	0	0	0	0	0	0	0	0	0	0	0	0	0	0	1	0	0	0	0
Q5SWT3	1	0	0	0	0	0	0	0	0	0	0	0	0	0	0	0	0	0	0	0	0
Q5SWU9	1	0	0	0	0	0	0	0	0	0	0	0	0	0	0	0	0	0	0	0	0
Q5SX39	0	0	0	0	0	0	0	0	0	0	0	0	1	0	0	0	0	0	0	0	0
Q5SX40	0	0	0	0	0	0	0	0	0	0	0	0	0	0	1	0	0	0	0	0	0
Q5SYL3	0	0	0	0	0	0	0	0	0	0	0	0	0	0	0	0	0	0	1	0	0
Q5U3K5	0	0	0	0	0	0	0	0	1	0	0	0	0	0	0	0	0	0	0	0	0
Q5U5M8	0	0	0	0	0	0	0	0	0	0	0	0	0	0	0	0	0	0	0	0	1
Q5U5V2	0	0	0	0	0	0	0	0	0	1	0	0	0	0	0	0	0	0	0	0	0
Q5XG71	0	0	0	0	0	0	0	0	0	0	0	0	0	0	0	0	0	0	0	1	0
Q5XG73	0	0	0	0	0	0	0	0	0	0	1	0	0	0	0	0	0	0	0	0	0
Q5XJY4	0	0	0	0	0	0	0	0	0	1	0	0	0	0	0	0	0	0	0	0	0
Q5XKN4	0	0	0	0	0	0	0	0	1	0	0	0	0	0	0	0	0	0	0	0	0
Q5XPI3	0	0	0	0	0	0	0	0	0	0	0	0	1	0	0	0	0	0	0	0	0
Q5Y5T1	0	0	0	0	0	0	0	0	0	0	0	0	0	0	0	0	1	0	0	0	0
Q60520	0	0	0	0	0	0	0	0	0	0	0	0	0	0	0	0	0	0	0	1	0
Q60575	0	0	0	0	0	0	0	0	0	1	0	0	0	0	0	0	0	0	0	0	0
Q60596	0	0	0	0	0	0	0	0	0	0	0	0	0	0	0	0	0	0	1	0	0
Q60597	1	0	0	0	0	0	0	0	0	0	0	0	0	0	0	0	0	0	0	0	0
Q60598	0	0	0	0	0	0	0	0	0	0	0	0	0	0	1	0	0	0	0	0	0
Q60604	0	0	0	0	0	0	0	0	0	0	0	0	0	0	1	0	0	0	0	0	0
Q60605	0	0	1	0	0	0	0	0	0	0	0	0	0	0	0	0	0	0	0	0	0
Q60631	0	0	0	0	0	0	0	0	0	0	0	0	1	0	0	0	0	0	0	0	0
Q60648	0	0	0	0	0	0	0	0	0	1	0	0	0	0	0	0	0	0	0	0	0
Q60649	1	0	0	0	0	0	0	0	0	0	0	0	0	0	0	0	0	0	0	0	0
Q60675	0	0	0	0	0	0	0	0	0	0	0	0	1	0	0	0	0	0	0	0	0
Q60676	0	0	0	0	0	0	0	0	0	1	0	0	0	0	0	0	0	0	0	0	0
Q60692	0	0	0	0	0	0	0	1	0	0	0	0	0	0	0	0	0	0	0	0	0
Q60716	0	0	0	0	0	0	0	0	0	0	0	0	0	0	1	0	0	0	0	0	0
Q60738	0	0	0	0	0	0	0	0	0	0	0	0	0	0	0	0	1	0	0	0	0
Q60749	0	0	0	0	0	0	0	1	0	0	0	0	0	0	0	0	0	0	0	0	0
Q60759	0	0	0	0	0	0	0	0	0	0	1	0	0	0	0	0	0	0	0	0	0
Q60760	0	0	0	0	0	0	0	0	1	0	0	0	0	1	0	0	0	0	0	0	0
Q60767	0	0	0	0	0	0	0	0	0	0	0	0	0	0	0	0	0	0	0	1	0
Q60770	1	0	0	0	0	0	0	0	0	0	0	0	0	0	0	0	0	0	0	0	0
Q60772	1	0	0	0	0	0	0	0	0	0	0	0	0	0	0	0	0	0	0	0	0
Q60780	0	0	0	1	0	0	0	0	0	0	0	0	0	0	0	0	0	0	0	0	0
Q60790	0	0	0	0	0	1	0	0	0	0	0	0	0	0	0	0	0	0	0	0	0
Q60809	0	0	0	0	1	0	0	0	0	0	0	0	0	0	0	0	0	0	0	0	0
Q60823	1	0	0	0	0	0	0	0	0	0	0	0	0	0	0	0	0	0	0	0	0
Q60847	0	0	0	0	0	0	0	1	0	0	0	0	0	0	0	0	0	0	0	0	0
Q60854	0	0	0	0	0	0	0	0	0	0	0	0	0	0	1	0	0	0	0	0	0
Q60866	0	0	0	0	0	0	0	0	0	1	0	0	0	0	0	0	0	0	0	0	0
Q60870	0	0	0	0	0	0	0	0	0	0	0	0	0	1	0	0	0	0	0	0	0
Q60872	0	0	0	0	0	0	0	0	1	0	0	0	0	0	0	0	0	0	0	0	0
Q60876	0	0	0	0	0	0	0	0	0	0	0	0	0	1	0	0	0	0	0	0	0
Q60928	0	0	0	0	0	0	0	0	0	1	0	0	0	0	0	0	0	0	0	0	0
Q60930	0	0	0	0	0	0	0	0	0	0	0	0	1	0	0	0	0	0	0	0	0
Q60931	0	0	0	0	0	0	0	0	0	0	0	0	1	0	0	0	0	0	0	0	0
Q60932	0	0	0	0	0	0	0	0	0	0	0	0	1	0	0	0	0	0	0	0	0
Q60936	1	0	0	0	0	0	0	0	0	0	0	0	0	0	0	0	0	0	0	0	0
Q60949	0	0	0	0	0	0	0	0	0	0	0	0	0	0	0	0	0	0	1	0	0
Q60953	0	0	0	0	0	0	0	0	0	0	0	0	0	0	0	0	0	1	0	0	0
Q60967	0	0	0	0	0	0	1	0	0	0	0	0	0	0	0	0	0	0	0	0	0
Q60973	0	0	0	1	0	0	0	0	0	0	0	0	0	0	0	0	0	0	0	0	0
Q60992	0	0	0	0	0	0	0	0	0	0	0	0	0	0	0	0	0	1	0	0	0
Q61009	0	0	0	0	0	0	0	0	0	0	1	0	0	0	0	0	0	0	0	0	0
Q61016	0	0	0	0	0	1	0	0	0	0	0	0	0	0	0	0	0	0	0	0	0
Q61024	0	0	0	0	0	0	0	0	1	0	0	0	0	1	0	0	0	0	0	0	0
Q61026	0	0	0	0	0	0	0	0	0	0	0	0	0	0	0	0	0	0	1	0	0
Q61035	0	0	0	0	0	0	0	0	0	0	0	0	0	1	0	0	0	0	0	0	0
Q61036	0	0	0	0	0	0	0	0	0	0	0	0	0	0	0	0	1	0	0	0	0
Q61081	0	0	0	0	0	0	0	0	0	0	0	0	0	0	1	0	0	0	0	0	0
Q61084	0	0	0	0	0	0	0	1	0	0	0	0	0	0	0	0	0	0	0	0	0
Q61093	0	0	0	1	0	0	0	0	0	0	0	0	0	0	0	0	0	0	0	0	0
Q61097	0	0	0	0	0	0	0	0	0	0	0	0	0	0	0	1	0	0	0	0	0
Q61103	0	0	0	0	0	0	0	0	0	0	0	0	0	0	0	0	0	1	0	0	0
Q61107	0	0	0	0	0	0	0	0	0	0	0	0	0	0	0	0	0	1	0	0	0
Q61112	0	0	0	0	0	0	0	1	0	0	0	0	0	0	0	0	0	0	0	0	0
Q61133	1	0	0	0	0	0	0	0	0	0	0	0	0	0	0	0	0	0	0	0	0
Q61140	0	0	0	0	0	1	0	0	0	0	0	0	0	0	0	0	0	0	0	0	0
Q61151	0	0	0	0	0	1	0	0	0	0	0	0	0	0	0	0	0	0	0	0	0
Q61160	0	0	0	0	0	0	0	0	0	1	0	0	0	0	0	0	0	0	0	0	0
Q61164	0	0	0	0	0	0	0	0	0	0	0	0	0	0	0	0	0	0	0	1	0
Q61183	0	0	0	0	0	0	0	0	0	0	0	0	0	0	0	0	0	0	0	1	0
Q61194	0	0	0	0	0	0	0	0	0	1	0	0	0	0	0	0	0	0	0	0	0
Q61233	0	0	0	0	0	0	0	0	0	0	0	0	0	0	0	0	0	1	0	0	0
Q61234	0	0	0	0	0	0	0	0	0	0	0	0	1	0	0	0	0	0	0	0	0
Q61235	0	0	1	0	0	0	0	0	0	0	0	0	0	0	0	0	0	0	0	0	0
Q61263	0	0	0	0	0	0	0	0	0	0	0	0	0	0	0	0	0	0	1	0	0
Q61285	0	0	0	0	0	0	0	0	0	0	0	0	0	0	0	0	0	0	0	0	1
Q61334	0	0	0	0	0	0	0	0	0	0	0	0	1	0	0	0	0	0	0	0	0
Q61387	1	0	0	0	0	0	0	0	0	0	0	0	0	0	0	0	0	0	0	0	0
Q61398	0	0	0	0	0	0	0	0	0	0	0	0	0	0	1	0	0	0	0	0	0
Q61411	1	0	0	0	0	0	0	0	0	0	0	0	0	0	0	0	0	0	0	0	0
Q61418	0	0	0	0	0	0	0	0	0	0	0	0	0	0	0	0	1	0	0	0	0
Q61425	1	0	0	0	0	0	0	0	0	0	0	0	0	0	0	0	0	0	0	0	0
Q61475	0	0	0	0	0	0	0	0	0	0	0	0	0	0	0	0	0	0	0	0	1
Q61503	0	0	0	0	0	0	0	0	0	0	0	1	0	0	0	0	0	0	0	0	0
Q61543	0	0	0	0	0	0	0	0	0	1	0	0	0	0	0	0	0	0	0	0	0
Q61550	0	0	0	0	0	0	0	1	0	0	0	0	0	0	0	0	0	0	0	0	0
Q61554	0	0	0	0	0	0	0	0	0	0	0	0	0	0	0	0	0	0	0	0	1
Q61576	0	0	0	0	0	0	0	0	0	0	0	0	0	0	1	0	0	0	0	0	0
Q61584	0	0	0	0	0	0	0	0	0	0	0	0	0	0	0	0	0	0	1	0	0
Q61586	1	0	0	0	0	0	0	0	0	0	1	0	0	0	0	0	0	0	0	0	0
Q61592	0	0	0	0	0	0	0	0	0	0	0	0	0	0	0	0	0	0	1	0	0
Q61598	0	0	0	0	0	0	0	1	0	0	0	0	0	0	0	0	0	0	0	0	0
Q61599	0	0	0	0	0	0	0	0	0	0	0	0	0	0	0	0	0	1	0	0	0
Q61644	0	0	0	0	0	0	0	1	0	0	0	0	0	0	0	0	0	0	0	0	0
Q61656	0	0	0	0	0	0	0	1	0	0	0	0	0	0	0	0	0	0	0	0	0
Q61687	0	0	0	0	0	0	0	0	0	0	0	0	0	0	0	0	0	0	0	1	0
Q61696	0	0	0	0	0	0	0	0	0	0	0	0	0	0	1	0	0	0	0	0	0
Q61702	0	0	0	0	0	0	0	0	0	0	0	0	0	0	1	0	0	0	0	0	0
Q61704	0	0	0	0	0	0	0	0	0	0	0	0	0	0	1	0	0	0	0	0	0
Q61712	0	0	0	0	0	0	0	0	1	0	0	0	0	0	0	0	0	0	0	0	0
Q61733	0	0	0	0	0	0	0	0	0	1	0	0	0	0	0	0	0	0	0	0	0
Q61749	0	0	0	0	0	0	0	0	1	0	0	0	0	0	0	0	0	0	0	0	0
Q61753	0	0	0	0	0	0	0	0	1	0	0	0	0	1	0	0	0	0	0	0	0
Q61768	0	0	0	0	0	0	0	1	0	0	0	0	0	0	0	0	0	0	0	0	0
Q61771	0	0	0	0	0	0	0	0	0	0	0	0	0	0	0	0	0	0	1	0	0
Q61789	0	0	0	0	1	0	0	0	0	0	0	1	0	0	0	0	0	0	0	0	0
Q61879	0	0	0	0	1	0	0	0	0	0	0	1	0	0	0	0	0	0	0	0	0
Q61881	0	0	0	0	0	0	0	0	0	0	0	0	0	0	0	0	0	0	0	1	0
Q61990	0	0	0	0	0	0	0	0	0	0	0	0	0	0	0	0	1	0	0	0	0
Q62000	0	0	0	0	0	0	0	0	0	0	0	0	0	0	1	0	0	0	0	0	0
Q62018	0	0	0	0	0	0	0	0	0	0	0	0	0	0	0	0	0	0	1	0	0
Q62073	0	0	0	0	0	0	0	0	0	0	0	0	0	0	0	0	1	0	0	0	0
Q62074	0	0	0	0	1	0	0	0	0	0	0	0	0	0	0	0	0	0	0	0	0
Q62086	0	0	0	0	0	0	0	0	0	0	0	0	0	0	0	0	0	0	0	0	1
Q62087	0	0	0	0	0	0	0	0	0	0	0	0	0	0	0	0	0	0	0	0	1
Q62093	0	0	0	0	0	0	0	1	0	0	0	0	0	0	0	0	0	0	0	0	0
Q62148	0	0	0	0	0	0	0	0	0	0	0	0	0	0	0	0	0	0	1	0	0
Q62165	0	0	0	0	0	0	0	0	0	0	0	0	1	0	0	0	0	0	0	0	0
Q62178	0	0	0	0	0	0	0	0	0	0	0	0	0	0	0	0	1	0	0	0	0
Q62179	0	0	0	0	0	0	0	0	0	1	0	0	0	0	0	0	0	0	0	0	0
Q62186	0	0	0	0	0	0	0	1	0	0	0	0	0	0	0	0	0	0	0	0	0
Q62189	0	0	0	0	0	0	0	0	0	0	0	0	1	0	0	0	0	0	0	0	0
Q62193	0	0	0	1	0	0	0	0	0	0	0	0	0	0	0	0	0	0	0	0	0
Q62210	0	0	0	0	0	0	0	0	0	0	0	0	0	0	0	0	0	0	1	0	0
Q62219	0	0	1	0	0	0	0	0	0	0	0	0	0	0	0	0	0	0	0	0	0
Q62226	0	0	0	0	0	0	0	0	0	0	0	0	0	0	0	0	1	0	0	0	0
Q62230	0	1	0	0	0	0	0	0	0	0	0	0	0	0	0	0	0	0	0	0	0
Q62245	0	0	0	0	0	0	0	0	0	0	0	0	0	0	0	0	1	0	0	0	0
Q62261	0	0	0	0	0	0	0	1	0	0	0	0	0	0	0	0	0	0	0	0	0
Q62264	1	0	0	0	0	0	0	0	0	0	0	0	0	0	0	0	0	0	0	0	0
Q62311	0	0	0	0	0	0	0	0	0	0	0	0	0	0	0	0	0	0	1	0	0
Q62393	0	0	0	0	0	0	0	0	0	0	0	0	0	1	0	0	0	0	0	0	0
Q62407	0	0	0	0	0	0	0	0	0	0	0	0	1	0	0	0	0	0	0	0	0
Q62417	0	0	1	0	0	0	0	0	0	0	0	0	0	0	0	0	0	0	0	0	0
Q62420	0	0	0	0	0	1	0	0	0	0	0	0	0	0	0	0	0	0	0	0	0
Q62433	0	0	0	0	0	0	0	1	0	0	0	0	0	0	0	0	0	0	0	0	0
Q62441	0	1	0	0	0	0	0	0	0	0	0	0	0	0	0	0	0	0	0	0	0
Q62446	0	0	0	0	0	0	0	0	0	0	0	0	1	0	0	0	0	0	0	0	0
Q62465	0	0	0	0	0	0	0	1	0	0	0	0	0	0	0	0	0	0	0	0	0
Q62470	0	0	0	0	0	0	0	0	0	0	0	1	0	0	0	0	0	0	0	0	0
Q62504	0	0	0	0	0	0	0	0	0	0	0	0	0	0	0	0	0	0	0	1	0
Q62523	0	0	1	0	0	0	0	0	0	0	0	0	0	0	0	0	0	0	0	0	0
Q63739	0	0	0	0	0	1	0	0	0	0	0	0	0	0	0	0	0	0	0	0	0
Q63810	0	0	0	0	0	1	0	0	0	0	0	0	0	0	0	0	0	0	0	0	0
Q63961	0	0	0	0	0	0	0	0	0	0	0	1	0	0	0	0	0	0	0	0	0
Q63ZW7	0	0	0	0	1	0	0	0	0	0	0	0	0	0	0	0	0	0	0	0	0
Q64010	0	0	1	0	0	0	0	0	0	0	0	0	0	0	0	0	0	0	0	0	0
Q64012	0	0	0	0	0	0	0	1	0	0	0	0	0	0	0	0	0	0	0	0	0
Q640N1	0	0	0	0	0	0	0	0	0	0	0	0	0	0	1	0	0	0	0	0	0
Q64152	0	0	0	0	0	0	0	0	0	0	0	0	1	0	0	0	0	0	0	0	0
Q64282	0	0	0	0	0	0	0	0	0	0	0	0	0	0	0	1	0	0	0	0	0
Q64310	0	0	0	0	0	0	0	0	0	0	0	0	0	1	0	0	0	0	0	0	0
Q64311	0	0	0	0	0	0	0	0	0	0	0	0	0	0	0	0	0	0	0	1	0
Q64332	0	0	0	0	0	1	0	0	0	0	0	0	0	0	0	0	1	0	0	0	0
Q64337	0	0	0	0	0	0	0	0	0	1	0	0	0	0	0	0	0	0	0	0	0
Q64339	0	0	0	0	0	0	0	0	0	0	0	1	0	0	0	0	0	0	0	0	0
Q64362	1	0	0	0	0	1	0	0	0	0	0	0	0	0	0	0	0	0	0	0	0
Q64374	0	0	0	0	0	0	0	0	0	0	1	0	0	0	0	0	0	0	0	0	0
Q64378	0	0	0	0	0	0	0	0	0	0	0	0	0	0	0	0	0	0	0	1	0
Q64430	0	0	0	0	0	0	1	0	0	0	0	0	0	0	0	1	0	0	0	0	0
Q64442	0	0	0	0	0	0	0	0	0	0	1	0	0	0	0	0	0	0	0	0	0
Q64449	0	0	0	0	0	0	0	0	0	0	0	0	0	0	1	0	0	0	0	0	0
Q64455	0	0	0	0	0	0	0	0	0	0	0	0	0	0	0	0	0	1	0	0	0
Q64462	0	0	0	0	0	0	0	0	0	1	0	0	0	0	0	0	0	0	0	0	0
Q64487	0	0	0	0	0	1	0	0	0	0	0	0	0	0	0	0	1	0	0	0	0
Q64514	0	0	0	0	0	0	0	0	0	0	0	0	0	0	0	0	0	0	1	0	0
Q64516	0	0	0	0	0	0	0	0	0	1	0	0	0	0	0	0	0	0	0	0	0
Q64520	0	0	0	0	0	0	0	1	0	0	0	0	0	0	0	0	0	0	0	0	0
Q64521	1	0	0	0	0	0	0	0	0	0	0	0	0	0	0	0	0	0	0	0	0
Q64522	0	0	0	0	0	1	0	0	0	0	0	0	0	0	0	0	0	0	0	0	0
Q64523	0	0	0	0	0	0	0	0	0	0	0	0	0	0	1	0	0	0	0	0	0
Q64727	0	0	1	0	0	0	0	0	0	0	0	0	0	0	0	0	0	0	0	0	0
Q64735	0	0	0	0	0	0	0	0	0	0	0	1	0	0	0	0	0	0	0	0	0
Q64737	0	0	0	0	0	0	0	0	0	0	0	0	1	0	0	0	0	0	0	0	0
Q64FW2	0	0	0	0	0	0	0	0	0	1	0	0	0	0	0	0	0	0	0	0	0
Q66JS6	0	0	0	0	0	0	0	0	0	0	0	0	1	0	0	0	0	0	0	0	0
Q689Z5	0	0	0	0	0	0	0	0	0	0	0	0	0	0	0	0	0	0	1	0	0
Q68FD5	0	0	0	0	0	1	0	0	0	0	0	0	0	0	0	0	0	0	0	0	0
Q68FE2	0	0	0	0	0	1	0	0	0	0	0	0	0	0	0	0	1	0	0	0	0
Q68FE6	0	0	0	0	1	0	0	0	0	0	0	0	0	0	0	0	0	0	0	0	0
Q68FH0	0	0	0	0	0	1	0	0	0	0	0	0	0	0	0	0	0	0	0	0	0
Q69Z37	0	0	0	0	0	0	0	0	0	1	0	0	0	0	0	0	0	0	0	0	0
Q69Z38	0	0	0	0	0	0	0	0	0	0	0	1	0	0	0	0	0	0	0	0	0
Q69ZF3	0	0	0	0	0	1	0	0	0	0	0	0	0	0	0	0	0	0	0	0	0
Q69ZH9	0	0	0	0	0	1	0	0	0	0	0	0	0	0	0	0	0	0	0	0	0
Q69ZK0	0	0	0	0	0	1	0	0	0	0	0	0	0	0	0	0	0	0	0	0	0
Q69ZN7	0	0	0	0	0	0	0	0	0	0	0	1	0	0	0	0	0	0	0	0	0
Q69ZQ1	0	0	0	0	0	0	0	0	0	0	0	0	1	0	0	0	0	0	0	0	1
Q69ZQ2	0	0	0	0	0	0	0	0	0	0	0	0	0	0	0	0	0	1	0	0	0
Q69ZR9	0	0	0	0	0	0	0	0	0	0	0	0	0	0	0	0	0	0	1	0	0
Q69ZS7	0	0	0	0	0	0	0	0	0	0	0	0	0	1	0	0	0	0	0	0	0
Q69ZW3	0	0	0	0	0	1	0	0	0	0	0	0	0	0	0	0	0	0	0	0	0
Q69ZZ6	0	0	0	1	0	0	0	0	0	0	0	0	0	0	0	0	0	0	0	0	0
Q69ZZ9	0	0	0	0	0	0	0	0	0	0	0	1	0	0	0	0	0	0	0	0	0
Q6A009	0	0	0	0	0	0	0	0	1	0	0	0	0	0	0	0	0	0	0	0	0
Q6A026	0	0	0	0	0	0	0	0	0	0	0	0	0	0	0	0	0	0	0	1	0
Q6A028	0	0	0	0	0	0	0	0	0	0	0	0	0	0	0	0	0	1	0	0	0
Q6A065	0	0	0	0	0	1	0	0	0	0	0	0	0	0	0	0	0	0	0	0	0
Q6A098	0	0	0	0	0	0	0	0	0	0	0	0	0	0	0	0	1	0	0	0	0
Q6A0D4	0	0	0	0	0	0	0	0	0	0	0	0	0	0	0	0	0	1	0	0	0
Q6A4J8	0	0	0	0	0	0	0	0	0	0	0	0	0	0	0	0	0	0	1	0	0
Q6DID3	0	0	0	0	0	0	0	0	0	1	0	0	0	0	0	0	0	0	0	0	0
Q6DYE8	0	0	0	0	0	0	0	0	0	0	0	0	0	0	0	1	0	0	0	0	0
Q6GQS1	0	0	0	0	0	1	0	0	0	0	0	0	0	0	0	0	0	0	0	0	0
Q6GQT9	0	0	0	0	0	0	0	0	0	0	0	0	0	1	0	0	0	0	0	0	0
Q6GU68	0	0	1	0	0	0	0	0	0	0	0	0	0	0	0	0	0	0	0	0	0
Q6GV12	0	0	0	0	0	0	0	0	0	0	0	1	0	0	0	0	0	0	0	0	0
Q6GYP7	0	0	0	0	0	1	0	0	0	0	0	0	0	0	0	0	0	0	0	0	0
Q6IR34	0	0	0	0	0	1	0	0	0	0	0	0	0	0	0	0	0	0	0	0	0
Q6IRU2	0	0	0	0	0	0	0	0	0	0	0	0	0	0	1	0	0	0	0	0	0
Q6IRU5	0	0	0	0	0	0	0	1	0	0	0	0	0	0	0	0	0	0	0	0	0
Q6KCD5	0	0	0	0	0	0	0	0	0	0	0	0	0	0	0	0	0	0	0	1	0
Q6NS46	0	0	0	0	0	0	0	0	0	0	0	0	0	0	0	0	0	0	0	1	0
Q6NSR8	0	0	0	0	0	0	0	1	0	0	0	0	0	0	0	0	0	0	0	0	0
Q6NSU3	0	0	0	0	0	0	0	0	0	0	0	0	0	0	0	0	0	0	1	0	0
Q6NV83	0	0	0	0	0	0	0	0	0	0	0	0	0	0	0	0	0	1	0	0	0
Q6NVE9	0	0	0	0	0	0	0	0	0	0	0	0	0	0	1	0	0	0	0	0	0
Q6NVF0	0	0	0	0	0	1	0	0	0	0	0	0	0	0	0	0	1	0	0	0	0
Q6NVF4	0	0	0	0	0	0	0	0	0	0	0	0	0	0	0	0	0	0	0	1	0
Q6NWW9	0	0	0	0	0	0	0	0	0	0	0	0	0	1	0	0	0	0	0	0	0
Q6NXJ0	0	0	0	0	0	0	0	0	0	0	0	0	0	0	0	0	0	0	1	0	0
Q6NZF1	0	0	0	0	0	0	0	0	0	0	0	0	0	0	0	0	0	0	0	1	0
Q6P1E1	0	0	0	0	0	0	0	0	0	1	0	0	0	0	0	0	0	0	0	0	0
Q6P1F6	0	0	0	0	0	0	0	1	0	0	0	0	0	0	0	0	0	0	0	0	0
Q6P1H6	0	0	0	1	0	0	0	0	0	0	0	0	0	0	0	0	0	0	0	0	0
Q6P3D0	0	0	0	0	0	0	0	0	0	0	0	0	1	0	0	0	0	0	0	0	0
Q6P4S6	0	0	0	0	0	0	0	0	0	0	0	0	0	0	0	0	1	0	0	0	0
Q6P4T0	0	0	0	0	0	1	0	0	0	0	0	0	0	0	0	0	0	0	0	0	0
Q6P542	0	0	0	0	0	0	0	0	0	0	0	0	0	1	0	0	0	0	0	0	0
Q6P549	0	0	0	0	0	0	0	0	0	0	0	0	1	0	0	0	0	0	0	0	0
Q6P5C5	0	0	1	0	0	0	0	0	0	0	0	0	0	0	0	0	0	0	0	0	0
Q6P5D8	0	0	0	0	0	0	0	0	0	0	0	0	0	0	0	0	0	1	0	0	0
Q6P5E4	0	0	0	0	0	0	0	0	0	0	0	0	0	1	0	0	0	0	0	0	0
Q6P5F6	0	0	0	0	0	0	0	0	0	0	0	0	0	0	0	0	1	0	0	0	0
Q6P5H2	0	0	0	0	1	0	0	0	0	0	0	0	0	0	0	0	0	0	0	0	0
Q6P6L0	0	0	1	0	0	0	0	0	0	0	0	0	0	0	0	0	0	0	0	0	0
Q6P6M7	1	0	0	0	0	0	0	0	0	0	0	0	0	0	0	0	0	0	0	0	0
Q6P8J2	0	0	0	0	0	0	0	0	0	1	0	0	0	0	0	0	0	0	0	0	0
Q6P8J7	0	0	0	0	0	0	0	0	0	0	0	0	1	0	0	0	0	0	0	0	0
Q6P8M1	0	0	0	0	0	0	0	1	0	0	0	0	0	0	0	0	0	0	0	0	0
Q6P9N1	0	0	0	0	0	0	0	0	0	0	0	0	0	0	0	0	0	0	1	0	0
Q6P9Q4	0	0	0	0	0	0	0	0	0	0	0	1	0	0	0	0	0	0	0	0	0
Q6P9R1	0	0	0	0	0	0	0	0	0	0	0	0	0	0	0	0	0	1	0	0	0
Q6PAJ1	0	0	0	0	0	1	0	0	0	0	0	0	0	0	0	0	0	0	0	0	0
Q6PAL8	0	0	0	0	0	1	0	0	0	0	0	0	0	0	0	0	0	0	0	0	0
Q6PAM0	0	0	0	0	0	0	0	0	0	0	0	0	1	0	0	0	0	0	0	0	0
Q6PAQ4	0	0	0	0	0	0	0	0	0	0	0	0	0	0	0	0	0	0	0	1	0
Q6PB66	1	0	0	0	0	0	0	0	0	0	0	0	0	0	0	0	0	0	0	0	0
Q6PB93	0	0	0	0	0	0	0	0	0	0	0	0	0	1	0	0	0	0	0	0	0
Q6PCM2	0	0	0	0	0	0	0	0	0	0	0	0	0	0	0	0	0	0	0	1	0
Q6PD03	1	0	0	0	0	0	0	0	0	0	0	0	0	0	0	0	0	0	0	0	0
Q6PDH0	0	0	1	0	0	0	0	0	0	0	0	0	0	0	0	0	0	0	0	0	0
Q6PDL0	0	0	0	0	0	0	0	0	0	0	0	0	0	0	0	0	1	0	0	0	0
Q6PDN3	0	0	1	0	0	0	0	0	0	0	0	0	0	0	0	0	0	0	0	0	0
Q6PDQ2	0	0	0	0	0	0	0	0	0	0	0	0	0	0	0	0	0	0	0	1	0
Q6PDY2	0	0	0	0	0	0	0	0	0	1	0	0	0	0	0	0	0	0	0	0	0
Q6PE15	0	0	0	0	0	0	0	0	0	0	0	0	0	0	0	0	1	0	0	0	0
Q6PE54	0	0	0	0	0	0	0	0	0	0	0	0	0	0	0	0	0	0	1	0	0
Q6PEE2	0	0	1	0	0	0	0	0	0	0	0	0	0	0	0	0	0	0	0	0	0
Q6PEV3	0	0	0	0	0	0	0	0	0	0	0	0	0	0	0	0	1	0	0	0	0
Q6PFQ7	0	0	0	0	0	0	1	0	0	0	0	0	0	0	0	0	0	0	0	0	0
Q6PGB6	0	0	0	0	0	0	0	0	0	1	0	0	0	0	0	0	0	0	0	0	0
Q6PGC1	0	0	0	0	0	0	0	0	0	0	0	0	0	1	0	0	0	0	0	0	0
Q6PGF7	0	0	0	0	0	0	0	0	0	0	0	0	0	0	0	0	1	0	0	0	0
Q6PGG6	0	0	0	0	0	0	0	0	0	0	0	0	0	0	0	0	0	0	0	1	0
Q6PGH1	0	0	0	0	0	0	0	0	0	0	0	0	0	1	0	0	0	0	0	0	0
Q6PGL7	0	0	0	0	0	0	0	0	0	0	0	0	0	0	0	0	0	1	0	0	0
Q6PHN9	0	0	0	0	0	1	0	0	0	0	0	0	0	0	0	0	0	0	0	0	0
Q6PHQ8	0	0	0	0	0	0	0	0	0	0	0	0	0	0	0	0	0	0	1	0	0
Q6PHZ2	0	0	0	0	0	0	0	1	0	0	0	0	0	0	0	0	0	0	0	0	0
Q6PIC6	0	0	0	0	0	0	0	0	0	0	0	0	0	0	0	0	1	0	0	0	0
Q6PIE5	0	0	0	0	0	1	0	0	0	0	0	0	0	0	0	0	1	0	0	0	0
Q6PIX5	0	0	0	0	0	0	0	0	0	0	0	0	0	0	0	0	0	0	0	0	1
Q6QD59	0	0	0	0	0	0	0	0	1	0	0	0	0	0	0	0	0	0	0	0	0
Q6SKR2	0	0	1	0	0	0	0	0	0	0	0	0	0	0	0	0	0	0	0	0	0
Q6TEK5	0	0	0	0	0	0	0	0	0	0	0	0	0	0	0	0	1	0	0	0	0
Q6URW6	0	0	0	0	0	0	0	0	0	0	0	1	0	0	0	0	0	0	0	0	0
Q6VNB8	0	0	0	0	0	1	0	0	0	0	0	0	0	0	0	0	1	0	0	0	0
Q6WKZ8	0	0	0	0	0	0	0	0	0	0	0	0	0	0	0	0	0	0	1	0	0
Q6X893	0	0	0	0	0	0	0	0	0	0	0	0	0	0	0	0	1	0	0	0	0
Q6Y7W8	0	0	0	0	0	0	0	0	0	0	0	0	0	1	0	0	0	0	0	0	0
Q6ZPE2	0	0	0	0	0	1	0	0	0	0	0	0	0	0	0	0	1	0	0	0	0
Q6ZPF4	0	0	0	0	0	0	0	0	0	0	0	1	0	0	0	0	0	0	0	0	0
Q6ZPJ0	0	0	0	0	0	0	0	0	0	0	0	0	0	0	0	0	0	0	1	0	0
Q6ZPJ3	0	0	0	0	0	0	0	1	0	0	0	0	0	0	0	0	0	0	0	0	0
Q6ZPQ6	0	0	0	0	0	0	0	0	0	0	0	1	0	0	0	0	0	0	0	0	0
Q6ZPR5	0	0	0	0	0	0	0	0	0	0	0	0	0	0	0	0	0	0	0	1	0
Q6ZPR6	0	0	0	0	0	0	0	0	0	0	1	0	0	0	0	0	0	0	0	0	0
Q6ZPY2	0	0	0	0	0	0	0	0	0	0	0	0	0	0	0	0	0	0	0	1	0
Q6ZPZ3	0	0	0	0	0	0	0	0	0	0	0	0	0	0	0	0	0	1	0	0	0
Q6ZQ03	0	0	0	0	0	0	0	0	0	0	0	0	0	0	0	0	0	1	0	0	0
Q6ZQ08	0	0	0	0	0	0	0	0	0	0	0	0	0	0	0	0	0	0	0	1	0
Q6ZQ38	0	0	0	0	0	0	0	0	0	0	0	0	0	0	0	0	1	0	0	0	0
Q6ZQ58	0	0	0	0	0	0	0	0	0	0	0	0	0	1	0	0	0	0	0	0	0
Q6ZQ73	0	0	0	0	0	0	0	0	0	0	0	0	1	0	0	0	0	0	0	0	0
Q6ZQ82	0	0	0	0	0	1	0	0	0	0	0	0	0	0	0	0	0	0	0	0	0
Q6ZQ88	0	0	0	0	0	0	0	0	0	0	0	0	0	0	0	0	0	0	0	1	0
Q6ZQA0	0	0	0	0	0	0	0	0	0	0	0	0	0	0	0	0	0	1	0	0	0
Q6ZQB6	0	0	0	0	0	0	0	0	0	0	0	0	0	0	0	0	1	0	0	0	0
Q6ZQH8	0	0	0	0	0	0	0	0	0	0	0	0	0	0	0	0	0	0	1	0	0
Q6ZQL4	0	0	0	0	0	0	0	0	0	0	0	0	0	0	0	0	0	0	0	1	0
Q6ZQM8	0	0	0	0	0	0	0	0	0	0	0	0	0	0	0	1	0	0	0	0	0
Q6ZWQ0	0	0	0	0	0	0	0	0	0	0	0	0	0	0	0	0	0	0	1	0	0
Q6ZWR6	0	0	0	0	0	1	0	0	0	0	0	0	0	0	0	0	0	0	0	0	0
Q6ZWV3	0	0	0	0	0	0	0	0	1	0	0	0	0	0	0	0	0	0	0	0	0
Q70FJ1	0	0	0	0	0	0	1	0	0	0	0	0	0	0	0	0	0	0	0	0	0
Q70IV5	0	0	1	0	0	0	0	0	0	0	0	0	0	0	0	0	0	0	0	0	0
Q71FD7	0	0	0	0	0	0	0	0	0	0	0	1	0	0	0	0	0	0	0	0	0
Q71LX4	0	0	0	0	0	0	0	0	0	0	0	0	1	0	0	0	0	0	0	0	0
Q78HU3	0	0	0	0	0	0	0	0	1	0	0	0	0	0	0	0	0	0	0	0	0
Q78IK2	0	0	0	0	0	0	0	0	0	0	0	0	1	0	0	0	0	0	0	0	0
Q78IK4	1	0	0	0	0	0	0	0	0	0	0	0	0	0	0	0	0	0	0	0	0
Q78PY7	0	0	0	0	0	0	0	0	1	0	0	0	0	1	0	0	0	0	0	0	0
Q78T54	0	0	0	0	0	0	0	0	1	0	0	0	0	0	0	0	0	0	0	0	0
Q78YZ6	0	0	0	0	0	0	0	0	0	0	0	0	0	0	0	0	1	0	0	0	0
Q791V5	0	0	0	0	0	0	0	1	0	0	0	0	0	0	0	0	0	0	0	0	0
Q7SIG6	0	0	0	0	0	1	0	0	0	0	0	0	0	0	0	0	0	0	0	0	0
Q7TMB8	0	0	0	0	1	0	0	0	0	0	0	0	0	0	0	0	0	0	0	0	0
Q7TMF3	1	0	0	0	0	0	0	0	0	0	0	0	0	0	0	0	0	0	0	0	0
Q7TMK6	0	0	0	0	0	0	0	0	0	0	0	0	0	0	0	1	0	0	0	0	0
Q7TMM9	0	0	0	0	0	0	0	0	0	0	0	1	0	0	0	0	0	0	0	0	0
Q7TMS5	0	0	0	0	0	0	0	0	0	1	0	0	0	0	0	0	0	0	0	0	0
Q7TMW6	0	0	0	0	0	0	0	0	0	1	0	0	0	0	0	0	0	0	0	0	0
Q7TNC9	0	0	0	0	0	1	0	0	0	0	0	0	0	0	0	0	0	0	0	0	0
Q7TNE3	0	0	0	1	0	0	0	0	0	0	0	0	0	0	0	0	0	0	0	0	0
Q7TNG5	0	0	0	0	0	0	0	1	0	0	0	0	0	0	0	0	0	0	0	0	0
Q7TNG8	0	0	0	0	0	0	0	0	0	1	0	0	0	0	0	0	0	0	0	0	0
Q7TPH6	0	0	0	0	0	0	0	0	0	0	0	0	0	0	0	0	0	0	1	0	0
Q7TPM1	0	0	0	0	0	1	0	0	0	0	0	0	0	0	0	0	0	0	0	0	0
Q7TPR4	0	0	1	0	0	0	0	0	0	0	0	0	0	0	0	0	0	0	0	0	0
Q7TPS5	0	0	0	0	0	0	0	0	0	0	0	0	0	0	0	0	1	0	0	0	0
Q7TQ48	0	0	0	0	0	0	0	0	0	0	0	0	1	0	0	0	0	0	0	0	0
Q7TQ95	0	0	0	0	0	0	0	0	0	0	0	0	1	0	0	0	0	0	0	0	0
Q7TQD2	0	0	0	0	0	0	0	0	0	0	0	0	0	0	0	0	1	0	0	0	0
Q7TQF7	0	0	0	0	0	0	0	0	0	0	0	0	0	0	0	0	1	0	0	0	0
Q7TQK1	0	0	0	0	0	0	0	0	0	0	0	0	0	0	0	0	0	0	1	0	0
Q7TS68	0	0	0	0	0	0	0	0	0	0	0	0	0	0	0	0	0	0	1	0	0
Q7TSC1	0	0	0	0	0	0	0	0	0	0	0	0	0	0	0	0	0	0	1	0	0
Q7TSE6	0	0	0	0	0	0	0	0	1	0	0	0	0	0	0	0	0	0	0	0	0
Q7TSH2	0	0	0	0	0	0	0	0	0	0	0	0	1	0	0	0	0	0	0	0	0
Q7TSH6	0	0	0	0	0	0	0	0	0	0	0	1	0	0	0	0	0	0	0	0	0
Q7TSQ8	0	0	0	0	0	0	0	0	0	0	0	0	1	0	0	0	0	0	0	0	0
Q7TSY8	0	0	0	0	0	0	0	0	0	0	0	0	0	0	0	0	0	0	1	0	0
Q80SW1	0	0	0	0	0	1	0	0	0	0	0	0	0	0	0	0	1	0	0	0	0
Q80SY4	0	0	0	0	0	0	0	0	1	0	0	0	0	0	0	0	0	0	0	0	0
Q80SZ7	0	0	0	0	0	0	0	0	0	1	0	0	0	0	0	0	0	0	0	0	0
Q80TA9	0	0	0	0	0	0	0	0	0	0	0	0	0	0	0	0	0	0	1	0	0
Q80TB8	0	0	0	0	0	0	0	0	0	0	0	0	0	0	0	0	1	0	0	0	0
Q80TE0	0	0	0	0	0	0	0	0	0	0	0	0	0	0	0	0	0	0	1	0	0
Q80TH2	0	0	0	0	0	0	0	0	0	0	0	1	0	0	0	0	0	0	0	0	0
Q80TN5	0	0	0	0	0	1	0	0	0	0	0	0	0	0	0	0	0	0	0	0	0
Q80TP3	0	0	0	0	0	0	0	0	0	0	0	0	0	0	0	0	0	0	1	0	0
Q80TR8	0	0	0	0	0	0	0	0	0	0	0	0	0	0	0	0	0	0	0	1	0
Q80TV8	0	0	0	0	0	0	0	0	0	0	0	0	0	0	0	0	1	0	0	0	0
Q80U28	0	0	0	0	0	1	0	0	0	0	0	0	0	0	0	0	0	0	0	0	0
Q80U35	0	0	0	0	0	0	0	0	0	0	0	1	0	0	0	0	0	0	0	0	0
Q80U49	0	0	0	0	0	0	0	0	0	0	0	0	0	0	0	0	1	0	0	0	0
Q80U58	0	0	0	0	0	0	0	0	0	0	0	0	0	0	0	0	0	1	0	0	0
Q80U78	0	0	0	0	0	0	0	0	0	0	0	0	0	0	0	0	0	0	0	1	0
Q80U87	0	0	0	0	0	0	0	0	0	0	0	0	0	0	0	0	1	0	0	0	0
Q80U93	0	0	0	1	0	0	0	0	0	0	0	0	0	0	0	0	0	0	0	0	0
Q80U95	0	0	0	0	0	0	0	0	0	0	0	0	0	0	0	0	0	0	1	0	0
Q80UG2	0	0	0	0	0	0	0	0	0	0	0	0	0	0	0	0	1	0	0	0	0
Q80UJ7	0	0	0	0	0	0	0	0	0	0	0	0	0	0	0	0	1	0	0	0	0
Q80UM7	0	0	0	0	0	0	0	0	0	0	0	0	0	1	0	0	0	0	0	0	0
Q80UN9	0	0	0	0	0	0	0	0	1	0	0	0	0	0	0	0	0	0	0	0	0
Q80UP3	0	0	0	0	0	1	0	0	0	0	0	0	0	0	0	0	0	0	0	0	0
Q80UP5	0	0	0	0	0	0	0	0	0	0	0	0	0	0	0	0	0	0	1	0	0
Q80UU9	0	0	0	0	0	0	0	0	0	0	0	0	0	0	0	0	0	0	0	0	1
Q80UV9	0	0	0	0	0	0	0	0	0	0	0	0	0	0	0	0	0	0	0	1	0
Q80UW2	0	0	0	0	0	0	0	0	0	0	0	0	0	0	0	0	1	0	0	0	0
Q80UW5	0	0	0	0	1	0	0	0	0	0	0	1	0	0	0	0	0	0	0	0	0
Q80UW8	0	0	0	1	0	0	0	0	0	0	0	0	0	0	0	0	0	0	0	0	0
Q80UY1	0	0	0	0	0	0	0	0	0	0	0	0	1	0	0	0	0	0	0	0	0
Q80V42	0	0	0	0	0	1	0	0	0	0	0	0	0	0	0	0	0	0	0	0	0
Q80V86	0	0	0	0	0	0	0	0	0	0	0	0	0	0	0	0	0	0	0	1	0
Q80VA0	0	0	0	0	0	0	1	0	0	0	0	0	0	0	0	0	0	0	0	0	0
Q80VJ2	0	0	0	0	0	0	0	1	0	0	0	0	0	0	0	0	0	0	0	0	0
Q80VP0	0	0	0	0	0	1	0	0	0	0	0	0	0	0	0	0	0	0	0	0	0
Q80W00	0	0	0	0	0	0	0	0	0	0	0	0	0	0	0	0	0	0	0	1	0
Q80W21	0	0	0	0	0	0	0	0	0	0	0	0	0	0	0	0	0	0	1	0	0
Q80W22	0	0	0	0	0	0	0	0	0	1	0	0	0	0	0	0	0	0	0	0	0
Q80W47	0	0	0	0	0	0	0	1	0	0	0	0	0	0	0	0	0	0	0	0	0
Q80W54	0	0	0	0	0	0	0	0	0	0	0	0	1	0	0	0	0	0	0	0	0
Q80WG5	0	0	0	0	0	1	0	0	0	0	0	0	0	0	0	0	1	0	0	0	0
Q80WQ2	0	0	0	0	0	0	0	0	0	0	0	0	0	1	0	0	0	0	0	0	0
Q80WQ6	0	0	0	0	1	0	0	0	0	0	0	0	0	0	0	0	0	0	0	0	0
Q80WT5	0	0	0	0	0	0	0	0	0	1	0	0	0	0	0	0	0	0	0	0	0
Q80WW9	0	0	0	0	0	0	0	0	0	0	0	0	0	1	0	0	0	0	0	0	0
Q80X41	0	0	0	0	0	0	0	1	0	0	0	0	0	0	0	0	0	0	0	0	0
Q80X73	0	0	0	0	0	0	0	0	1	0	0	0	0	0	0	0	0	0	0	0	0
Q80X80	0	0	0	0	0	0	0	1	0	0	0	0	0	0	0	0	0	0	0	0	0
Q80X82	0	0	0	0	0	0	0	0	0	0	0	0	0	0	0	0	0	0	1	0	0
Q80X85	0	0	0	0	0	0	0	0	0	1	0	0	0	0	0	0	0	0	0	0	0
Q80XC3	0	0	0	0	1	0	0	0	0	0	0	0	0	0	0	0	0	0	0	0	0
Q80XI3	0	0	0	0	0	0	0	0	0	0	0	0	0	0	0	0	0	0	1	0	0
Q80XI4	0	0	0	0	0	1	0	0	0	0	0	0	0	0	0	0	0	0	0	0	0
Q80XK6	0	0	0	0	0	1	0	0	0	0	0	0	0	0	0	0	0	0	0	0	0
Q80XL6	0	0	0	0	0	0	0	0	0	1	0	0	0	0	0	0	0	0	0	0	0
Q80XN0	0	0	0	0	0	0	0	0	0	0	1	0	0	0	0	0	0	0	0	0	0
Q80XR2	0	0	0	0	0	1	0	0	0	0	0	0	0	0	0	0	0	0	0	0	0
Q80XU3	0	0	0	0	0	0	0	0	0	0	0	0	1	0	0	0	0	0	0	0	0
Q80Y17	0	0	0	0	0	0	0	0	0	0	0	0	0	0	0	0	1	0	0	0	0
Q80Y81	0	0	0	0	0	0	0	0	0	0	0	0	0	0	0	0	0	0	0	1	0
Q80Y98	1	0	0	0	0	0	0	0	0	0	0	0	0	0	0	0	0	0	0	0	0
Q80YA3	0	0	0	0	0	0	0	0	0	0	0	0	0	0	0	0	1	0	1	0	0
Q80YC5	0	0	1	0	0	0	0	0	0	0	0	0	0	0	0	0	0	0	0	0	0
Q80YD1	1	0	0	0	0	0	0	0	0	0	0	0	0	0	0	0	0	0	0	0	0
Q80YQ8	0	0	0	0	0	1	0	0	0	0	0	0	0	0	0	0	0	0	0	0	0
Q80YR5	0	0	0	0	0	0	0	0	0	0	0	0	0	0	0	0	0	0	0	1	0
Q80YR9	0	0	0	0	0	0	0	0	0	0	0	0	0	0	0	0	0	0	1	0	0
Q80YS6	0	0	1	0	0	0	0	0	0	0	0	0	0	0	0	0	0	0	0	0	0
Q80YV2	0	0	0	0	0	0	0	0	0	1	0	0	0	0	0	0	0	0	0	0	0
Q80YV3	0	0	0	0	0	0	0	0	0	0	0	0	0	0	0	0	0	0	0	1	0
Q80YV4	0	0	0	0	0	0	0	0	0	0	0	0	1	0	0	0	0	0	0	0	0
Q80YW0	0	0	0	0	0	0	0	0	0	0	0	0	0	0	0	0	0	1	0	0	0
Q80ZI6	0	0	0	0	0	0	0	0	0	0	0	0	0	0	0	0	1	0	0	0	0
Q80ZJ1	0	0	0	0	1	0	0	0	0	0	0	1	0	0	0	0	0	0	0	0	0
Q80ZJ6	0	0	0	0	0	1	0	0	0	0	0	0	0	0	0	0	0	0	0	0	0
Q80ZK9	0	0	0	0	0	0	0	0	0	1	0	0	0	0	0	0	0	0	1	0	0
Q80ZS3	0	0	0	0	0	0	0	0	0	1	0	0	0	0	0	0	0	0	0	0	0
Q80ZV0	0	0	0	0	0	0	0	0	0	0	0	0	0	0	0	0	0	0	0	1	0
Q80ZW2	0	0	0	0	0	1	0	0	0	0	0	0	0	0	0	0	1	0	0	0	0
Q810A3	0	0	0	1	0	0	0	0	0	0	0	0	0	0	0	0	0	0	0	0	0
Q810V0	0	0	0	0	0	0	0	0	0	0	0	0	0	0	0	0	0	0	0	1	0
Q811J3	0	0	0	0	0	0	0	0	0	0	0	0	0	0	0	0	0	0	1	0	0
Q811U4	0	0	0	0	0	0	0	0	0	1	0	0	0	0	0	0	0	0	0	0	0
Q8BFP9	1	0	0	0	0	0	0	0	0	0	0	0	0	0	0	0	0	0	0	0	0
Q8BFQ9	0	0	1	0	0	0	0	0	0	0	0	0	0	0	0	0	0	0	0	0	0
Q8BFR5	1	0	0	0	0	0	0	0	0	0	0	0	0	0	0	0	0	0	0	0	0
Q8BFR6	0	0	1	0	0	0	0	0	0	0	0	0	0	0	0	0	0	0	0	0	0
Q8BFS6	0	0	0	0	0	0	0	1	0	0	0	0	0	0	0	0	0	0	0	0	0
Q8BFU2	0	0	0	0	0	0	0	0	0	0	0	1	0	0	0	0	0	0	0	0	0
Q8BFU3	0	0	0	0	0	0	0	0	0	0	0	0	0	0	0	0	1	0	0	0	0
Q8BFV2	0	0	0	0	0	0	0	0	0	0	0	0	0	0	0	0	0	0	0	1	0
Q8BFW4	0	0	0	0	0	0	0	0	0	0	0	0	0	0	0	0	0	1	0	0	0
Q8BFW7	0	0	1	0	0	0	0	0	0	0	0	0	0	0	0	0	0	0	0	0	0
Q8BFY6	0	0	0	0	0	0	0	0	0	0	0	0	0	0	0	0	1	0	0	0	0
Q8BFY9	0	0	0	0	0	0	0	1	0	0	0	0	0	0	0	0	0	0	0	0	0
Q8BFZ3	0	0	1	0	0	0	0	0	0	0	0	0	0	0	0	0	0	0	0	0	0
Q8BG40	0	0	0	0	0	0	0	0	0	0	0	0	0	0	0	0	0	0	1	0	0
Q8BG51	0	0	0	0	0	0	0	0	0	0	0	0	0	0	0	0	1	0	0	0	0
Q8BG73	0	0	0	0	0	0	0	0	0	0	0	0	0	0	0	0	1	0	0	0	0
Q8BGA5	0	0	0	0	0	0	0	0	0	0	0	0	0	0	0	0	0	0	0	1	0
Q8BGA9	1	0	0	0	0	0	0	0	0	0	0	0	0	0	0	0	0	0	0	0	0
Q8BGB5	0	0	0	1	0	0	0	0	0	0	0	0	0	0	0	0	0	0	0	0	0
Q8BGB7	0	0	0	0	0	0	0	1	0	0	0	0	0	0	0	0	0	0	0	0	0
Q8BGB8	0	0	0	0	0	0	0	0	0	1	0	0	0	0	0	0	0	0	0	0	0
Q8BGE6	0	0	0	0	0	0	0	0	0	0	0	0	0	0	0	0	0	0	1	0	0
Q8BGF3	0	0	0	0	0	0	0	0	0	0	0	0	0	0	0	0	0	0	1	0	0
Q8BGF6	0	0	0	0	0	0	0	0	1	0	0	0	0	0	0	0	0	0	0	0	0
Q8BGH2	1	0	0	0	0	0	0	0	0	0	0	0	0	0	0	0	0	0	0	0	0
Q8BGN2	0	0	0	0	0	0	0	1	0	0	0	0	0	0	0	0	0	0	0	0	0
Q8BGQ7	0	0	0	0	0	0	0	1	0	0	0	0	0	0	0	0	0	0	0	0	0
Q8BGR2	0	0	0	0	0	0	0	0	0	1	0	0	0	0	0	0	0	0	0	0	0
Q8BGR6	0	0	0	0	0	0	0	0	0	0	0	1	0	0	0	0	0	0	0	0	0
Q8BGR9	0	0	0	0	0	0	0	0	0	0	0	0	0	0	0	0	0	1	0	0	0
Q8BGS1	0	0	0	0	1	0	0	0	0	0	0	0	0	0	0	0	0	0	0	0	0
Q8BGT5	0	0	0	0	0	0	0	0	0	0	1	0	0	0	0	0	0	0	0	0	0
Q8BGT6	0	0	1	0	0	0	0	0	0	0	0	0	0	0	0	0	0	0	0	0	0
Q8BGT7	0	0	0	0	0	0	0	1	0	0	0	0	0	0	0	0	0	0	0	0	0
Q8BGV8	0	0	0	0	0	0	0	0	0	0	0	0	0	0	0	0	0	0	1	0	0
Q8BGW1	0	0	0	0	0	1	0	0	0	0	0	0	0	0	0	0	0	0	0	0	0
Q8BGX2	1	0	0	0	0	0	0	0	0	0	0	0	0	0	0	0	0	0	0	0	0
Q8BH04	0	0	0	0	0	0	0	0	0	0	0	0	0	1	0	0	0	0	0	0	0
Q8BH15	0	0	0	0	0	0	0	0	0	0	0	0	0	0	0	0	0	0	1	0	0
Q8BH44	0	0	0	0	0	0	0	1	0	0	0	0	0	0	0	0	0	0	0	0	0
Q8BH48	0	0	0	0	0	0	0	0	0	1	0	0	0	0	0	0	0	0	0	0	0
Q8BH55	0	0	0	0	0	0	0	0	0	0	0	0	0	0	0	0	0	0	1	0	0
Q8BH59	0	0	0	0	0	0	0	0	0	0	0	0	1	0	0	0	0	0	0	0	0
Q8BH60	0	0	0	0	0	0	0	0	0	1	0	0	0	0	0	0	0	0	0	0	0
Q8BH73	0	0	0	0	0	0	0	0	1	0	0	0	0	0	0	0	0	0	0	0	0
Q8BH74	0	0	0	0	0	0	0	0	0	0	0	0	0	0	0	0	0	0	0	1	0
Q8BH75	0	0	0	0	0	0	0	0	0	0	0	0	0	0	0	0	1	0	0	0	0
Q8BH95	1	0	0	0	0	0	0	0	0	0	0	0	0	0	0	0	0	0	0	0	0
Q8BHA3	0	0	0	0	0	0	0	1	0	1	0	0	0	0	0	0	0	0	0	0	0
Q8BHD8	0	0	0	0	0	0	0	1	0	0	0	0	0	0	0	0	0	0	0	0	0
Q8BHF7	0	0	0	0	0	0	0	0	0	0	0	0	0	0	0	0	1	0	0	0	0
Q8BHG2	0	0	0	0	0	0	0	0	0	0	0	0	1	0	0	0	0	0	0	0	0
Q8BHL5	0	0	0	0	0	1	0	0	0	0	0	0	0	0	0	0	0	0	0	0	0
Q8BHS3	0	0	0	0	0	0	0	0	0	0	0	0	0	0	0	0	0	0	0	1	0
Q8BHT6	0	0	0	0	0	0	0	1	0	0	0	0	0	0	0	0	0	0	0	0	0
Q8BHY3	0	0	0	0	1	0	0	0	0	0	0	0	0	0	0	0	0	0	0	0	0
Q8BHZ0	0	0	0	0	0	0	0	0	0	0	0	0	0	0	0	0	0	1	0	0	0
Q8BIG7	0	0	0	0	0	0	0	0	0	0	0	0	0	1	0	0	0	0	0	0	0
Q8BIJ6	1	0	0	0	0	0	0	0	0	0	0	0	0	0	0	0	0	0	0	0	0
Q8BIL5	0	0	0	0	0	0	0	0	0	0	0	0	0	1	0	0	0	0	0	0	0
Q8BIW1	0	0	0	0	0	1	0	0	0	0	0	0	0	0	0	0	0	0	0	0	0
Q8BJ56	1	0	0	0	0	0	0	0	0	0	0	0	0	0	0	0	0	0	0	0	0
Q8BJ64	0	0	0	0	0	0	0	0	0	1	0	0	0	0	0	0	0	0	0	0	0
Q8BJD1	0	0	0	0	0	0	0	0	0	0	0	0	0	0	0	0	0	0	0	0	1
Q8BJH1	0	0	0	0	0	0	0	0	0	0	0	0	0	0	0	0	1	0	0	0	0
Q8BJL1	0	0	1	0	0	0	0	0	0	0	0	0	0	0	0	0	0	0	0	0	0
Q8BJU0	0	0	0	0	0	0	0	1	0	0	0	0	0	0	0	0	0	0	0	0	0
Q8BJW6	0	0	0	0	0	0	0	0	1	0	0	0	0	0	0	0	0	0	0	0	0
Q8BJZ4	1	0	0	0	0	0	0	0	0	0	0	0	0	0	0	0	0	0	0	0	0
Q8BK03	1	0	0	0	0	0	0	0	0	0	0	0	0	0	0	0	0	0	0	0	0
Q8BK08	0	0	0	0	0	0	0	1	0	0	0	0	0	0	0	0	0	0	0	0	0
Q8BK48	0	0	0	0	0	0	0	0	0	0	0	0	0	0	0	1	0	0	0	0	0
Q8BK72	1	0	0	0	0	0	0	0	0	0	0	0	0	0	0	0	0	0	0	0	0
Q8BKC5	0	0	0	0	0	0	0	1	0	0	0	0	0	0	0	0	0	0	0	0	0
Q8BKE6	0	0	0	0	0	0	0	0	1	0	0	0	0	0	0	0	0	0	0	0	0
Q8BKG3	0	0	0	0	1	0	0	0	0	0	0	1	0	0	0	0	0	0	0	0	0
Q8BKI2	0	0	0	0	0	0	0	0	0	0	0	0	0	0	0	0	0	1	0	1	0
Q8BKS9	0	0	0	0	0	0	0	0	0	0	0	0	0	0	0	0	0	0	0	1	0
Q8BKX1	0	0	0	0	0	0	0	0	0	1	0	0	0	0	0	0	0	0	0	0	0
Q8BKX6	0	0	0	0	0	0	0	0	0	0	0	0	0	0	0	0	0	0	0	1	0
Q8BKZ9	0	0	0	0	0	0	0	0	0	0	0	0	1	0	0	0	0	0	0	0	0
Q8BL65	0	0	0	0	0	0	0	0	0	0	0	0	1	0	0	0	0	0	0	0	0
Q8BL66	0	0	0	0	0	0	0	0	0	0	0	0	0	0	1	0	0	0	0	0	0
Q8BL86	0	0	0	0	0	0	0	0	0	0	0	0	0	0	0	0	1	0	0	0	0
Q8BLF1	0	0	0	0	0	0	0	0	0	0	0	0	0	1	0	0	0	0	0	0	0
Q8BLK9	0	0	0	0	0	1	0	0	0	0	0	0	0	0	0	0	0	0	0	0	0
Q8BLR9	0	0	0	0	0	0	0	0	0	0	0	0	1	0	0	0	0	0	0	0	0
Q8BLY2	0	0	0	0	0	0	0	0	0	0	0	0	1	0	0	0	0	0	0	0	0
Q8BM55	0	0	0	0	0	0	0	0	1	0	0	0	0	1	0	0	0	0	0	0	0
Q8BM85	0	0	0	0	0	0	0	0	0	1	0	0	0	0	0	0	0	0	0	0	0
Q8BM88	0	0	0	0	0	0	0	0	0	1	0	0	0	0	0	0	0	0	0	0	0
Q8BMA6	0	0	0	0	0	0	0	0	1	0	0	0	0	0	0	0	0	0	0	0	0
Q8BMB3	0	0	0	0	0	0	0	0	0	0	0	0	0	1	0	0	0	0	0	0	0
Q8BMC4	0	0	0	0	0	0	0	0	0	0	0	0	0	0	0	0	0	0	0	1	0
Q8BMF4	1	0	0	0	0	0	0	0	0	0	0	0	0	0	0	0	0	0	0	0	0
Q8BMG7	0	0	0	0	0	1	0	0	0	0	0	0	0	0	0	0	0	0	0	0	0
Q8BMG8	1	0	0	0	0	0	0	0	0	0	0	0	0	0	0	0	0	0	0	0	0
Q8BMI0	0	0	0	0	0	0	0	0	0	0	0	0	0	0	0	0	0	1	0	0	0
Q8BMJ2	0	0	0	0	0	0	0	0	1	0	0	0	0	1	0	0	0	0	0	0	0
Q8BMJ3	0	0	0	0	0	0	0	0	0	0	0	0	0	1	0	0	0	0	0	0	0
Q8BMK4	0	0	0	0	0	0	0	0	0	0	0	0	0	0	1	0	0	0	0	0	0
Q8BML9	0	0	0	0	0	0	0	0	1	0	0	0	0	0	0	0	0	0	0	0	0
Q8BMP6	0	0	0	0	0	0	0	0	1	0	0	0	0	0	0	0	0	0	0	0	0
Q8BMQ2	0	0	0	0	0	0	0	0	0	0	0	0	0	0	0	0	0	0	0	1	0
Q8BMS1	1	0	0	0	0	0	0	0	0	0	0	0	0	0	0	0	0	0	0	0	0
Q8BMS4	1	0	0	0	0	0	0	0	0	0	0	0	0	0	0	0	0	0	0	0	0
Q8BMS9	0	0	0	0	0	0	0	0	0	0	0	0	0	0	0	0	0	1	0	0	0
Q8BMZ5	0	0	0	0	0	0	0	1	0	0	0	0	0	0	0	0	0	0	0	0	0
Q8BNU0	0	0	0	0	0	1	0	0	0	0	0	0	0	0	0	0	0	0	0	0	0
Q8BP27	0	0	0	0	0	0	0	0	0	0	0	0	0	0	1	0	0	0	0	0	0
Q8BP47	0	0	0	0	0	0	0	0	0	0	0	0	0	1	0	0	0	0	0	0	0
Q8BP48	0	0	0	0	0	0	0	0	0	0	0	0	0	1	0	0	0	0	0	0	0
Q8BP56	0	0	0	0	0	0	0	0	0	0	1	0	0	0	0	0	0	0	0	0	0
Q8BP71	0	0	0	0	0	0	0	0	0	0	0	0	0	0	0	0	1	0	0	0	0
Q8BP92	0	0	0	0	0	0	0	1	0	0	0	0	0	0	0	0	0	0	0	0	0
Q8BPB5	0	0	1	0	0	0	0	0	0	0	0	0	0	0	0	0	0	0	0	0	0
Q8BPE4	0	1	0	0	0	0	0	0	0	0	0	0	0	0	0	0	0	0	0	0	0
Q8BPM2	0	0	1	0	0	0	0	0	0	0	0	0	0	0	0	0	0	0	0	0	0
Q8BPN8	0	0	0	0	0	1	0	0	0	0	0	0	0	0	0	0	1	0	0	0	0
Q8BQ47	0	1	0	0	0	0	0	0	0	0	0	0	0	0	0	0	0	0	0	0	0
Q8BQM4	0	0	0	0	0	0	0	0	0	0	0	0	0	0	0	0	0	0	0	1	0
Q8BR63	0	0	0	0	0	0	0	0	0	0	0	0	0	0	0	0	1	0	0	0	0
Q8BR90	0	0	0	0	0	0	0	1	0	0	0	0	0	0	0	0	0	0	0	0	0
Q8BRF7	0	0	0	0	0	0	0	0	0	0	0	0	0	1	0	0	0	0	0	0	0
Q8BRH0	0	0	0	0	0	0	0	0	1	0	0	0	0	1	0	0	0	0	0	0	0
Q8BRK8	0	0	0	0	0	0	0	0	0	0	0	0	1	0	0	0	0	0	0	0	0
Q8BRK9	0	0	0	0	0	0	0	0	0	0	0	0	1	0	0	0	0	0	0	0	1
Q8BRT1	0	0	0	0	0	0	0	0	0	0	0	0	0	0	0	0	1	0	0	0	0
Q8BS95	0	0	0	0	0	0	0	0	0	0	0	0	0	1	0	0	0	0	0	0	0
Q8BSE0	0	0	0	0	0	0	0	0	0	0	1	0	0	0	0	0	0	0	0	0	0
Q8BSF4	1	0	0	0	0	0	0	0	0	0	0	0	0	0	0	0	0	0	0	0	0
Q8BSI6	0	0	0	0	0	0	0	0	0	0	0	0	0	0	0	0	0	0	1	0	0
Q8BSK8	0	0	0	0	0	0	0	0	0	0	0	0	0	1	0	0	0	0	0	0	0
Q8BSQ9	0	0	0	0	0	0	0	0	0	0	0	0	0	0	0	0	0	0	0	1	0
Q8BSS9	0	0	0	0	0	1	0	0	0	0	0	0	0	0	0	0	0	0	0	0	0
Q8BSY0	0	0	0	0	0	0	0	0	0	0	0	0	0	0	0	0	0	0	0	0	1
Q8BSZ2	0	0	0	0	0	0	0	0	0	0	0	0	0	0	0	0	1	0	0	0	0
Q8BT14	0	0	0	0	0	0	0	0	0	1	0	0	0	0	0	0	0	0	0	0	0
Q8BTC1	0	0	0	0	0	0	0	0	0	0	0	0	1	0	0	0	0	0	0	0	0
Q8BTG3	0	0	0	0	0	1	0	0	0	0	0	0	0	0	0	0	1	0	0	0	0
Q8BTH8	0	0	0	0	1	0	0	0	0	0	0	0	0	0	0	0	0	0	0	0	0
Q8BTM8	0	0	1	0	0	0	0	0	0	0	0	0	0	0	0	0	0	0	0	0	0
Q8BTR5	0	0	0	0	0	0	0	0	0	0	0	0	1	0	0	0	0	0	0	0	0
Q8BTS4	0	0	0	1	0	0	0	0	0	0	0	0	0	0	0	0	0	0	0	0	0
Q8BTU1	0	0	0	0	0	0	0	0	0	0	0	0	0	0	0	0	0	0	1	0	0
Q8BTW3	0	0	0	0	0	0	0	0	0	0	0	0	0	1	0	0	0	0	0	0	0
Q8BTW9	0	0	0	0	0	0	0	0	0	0	0	1	0	0	0	0	0	0	0	0	0
Q8BTY1	0	0	0	0	0	0	0	0	0	0	1	0	0	0	0	0	0	0	0	0	0
Q8BTY2	0	0	0	0	0	0	0	0	0	0	0	0	0	0	0	1	0	0	0	0	0
Q8BTY8	0	0	0	0	0	0	0	0	0	0	0	0	0	1	0	0	0	0	0	0	0
Q8BTZ4	0	0	0	0	0	0	0	0	0	0	0	0	0	0	0	0	0	0	0	1	0
Q8BTZ5	0	0	0	0	0	0	0	0	0	0	0	1	0	0	0	0	0	0	0	0	0
Q8BTZ7	0	0	0	0	0	0	0	0	1	0	0	0	0	0	0	0	0	0	0	0	0
Q8BU03	0	0	0	0	0	0	0	0	0	0	0	0	0	0	0	0	0	0	0	1	0
Q8BU11	0	0	0	0	0	0	1	0	0	0	0	0	0	0	0	0	0	0	0	0	0
Q8BU30	0	0	0	0	0	0	0	0	0	0	0	0	0	1	0	0	0	0	0	0	0
Q8BU31	0	0	0	0	0	0	0	0	0	0	0	0	0	0	0	0	0	0	0	0	1
Q8BU33	0	0	0	0	0	0	0	0	1	0	0	0	0	0	0	0	0	0	0	0	0
Q8BU88	1	0	0	0	0	0	0	0	0	0	0	0	0	0	0	0	0	0	0	0	0
Q8BUE4	1	0	0	0	0	0	0	0	0	0	0	0	0	0	0	0	0	0	0	0	0
Q8BUH8	0	0	0	0	0	0	0	0	0	0	0	0	0	0	0	0	0	0	0	1	0
Q8BUY5	1	0	0	0	0	0	0	0	0	0	0	0	0	0	0	0	0	0	0	0	0
Q8BV13	0	0	0	0	0	0	0	0	0	0	0	0	0	0	0	0	0	1	0	0	0
Q8BVA4	0	0	1	0	0	0	0	0	0	0	0	0	0	0	0	0	0	0	0	0	0
Q8BVA5	1	0	0	0	0	0	0	0	0	0	0	0	0	0	0	0	0	0	0	0	0
Q8BVE3	0	0	0	0	0	0	0	0	0	1	0	0	0	0	0	0	0	0	0	0	0
Q8BVI4	0	0	0	0	0	0	0	0	0	0	1	0	0	0	0	0	0	0	0	0	0
Q8BVI5	0	0	0	0	0	0	0	0	0	1	0	0	0	0	0	0	0	0	0	0	0
Q8BVK9	0	0	0	0	0	0	0	0	0	0	0	0	0	0	0	0	0	0	0	1	0
Q8BVQ5	0	0	0	0	0	0	0	0	0	0	0	0	0	0	0	0	1	0	0	0	0
Q8BVU5	0	0	0	0	0	0	0	1	0	0	0	0	0	0	0	0	0	0	0	0	0
Q8BVY0	0	0	0	0	0	0	0	0	0	0	0	0	0	1	0	0	0	0	0	0	0
Q8BW75	0	0	0	0	0	0	0	0	0	0	1	0	0	0	0	0	0	0	0	0	0
Q8BWM0	1	0	0	0	0	0	0	0	0	0	0	0	0	0	0	0	0	0	0	0	0
Q8BWR2	0	0	0	0	0	0	0	1	0	0	0	0	0	0	0	0	0	0	0	0	0
Q8BWT1	1	0	0	0	0	0	0	0	0	0	0	0	0	0	0	0	0	0	0	0	0
Q8BWT5	0	0	0	0	0	0	0	0	0	0	0	0	0	0	0	0	1	0	0	0	0
Q8BWW4	0	0	0	0	0	0	0	0	0	1	0	0	0	0	0	0	0	0	0	0	0
Q8BX02	0	0	1	0	0	0	0	0	0	0	0	0	0	0	0	0	0	0	0	0	0
Q8BX10	0	0	0	0	0	0	0	0	0	0	0	0	0	0	0	0	0	0	1	0	0
Q8BX70	1	0	0	0	0	0	0	0	0	0	0	0	0	0	0	0	0	0	0	0	0
Q8BX90	0	0	0	0	0	0	0	0	1	0	0	0	0	0	0	0	0	0	0	0	0
Q8BX94	0	0	1	0	0	0	0	0	0	0	0	0	0	0	0	0	0	0	0	0	0
Q8BXA5	0	0	0	0	0	0	0	0	1	0	0	0	0	1	0	0	0	0	0	0	0
Q8BXK8	0	0	0	0	0	1	0	0	0	0	0	0	0	0	0	0	0	0	0	0	0
Q8BXK9	0	0	0	0	1	0	0	0	0	0	0	1	0	0	0	0	0	0	0	0	0
Q8BXV2	0	0	0	0	0	1	0	0	0	0	0	0	0	0	0	0	0	0	0	0	0
Q8BY87	0	0	0	0	0	0	0	0	0	0	0	0	0	0	0	0	0	0	1	0	0
Q8BYB9	0	0	0	0	0	0	0	0	0	0	0	0	0	0	0	0	1	0	0	0	0
Q8BYH7	1	0	0	0	0	0	0	0	0	0	0	0	0	0	0	0	0	0	0	0	0
Q8BYK4	0	0	0	0	0	0	0	1	0	0	0	0	0	0	0	0	0	0	0	0	0
Q8BYL4	0	0	0	0	0	0	0	0	0	1	0	0	0	0	0	0	0	0	0	0	0
Q8BYM8	1	0	0	0	0	0	0	0	0	0	0	0	0	0	0	0	0	0	0	0	0
Q8BYU6	0	0	0	0	0	0	0	0	0	0	0	0	0	0	0	1	0	0	0	0	0
Q8BYW1	0	0	0	0	0	0	0	0	0	0	0	0	0	0	0	0	0	1	0	0	0
Q8BYW9	0	0	0	0	0	0	0	0	0	0	0	1	0	0	0	0	0	0	0	0	0
Q8BYZ1	0	0	0	0	0	0	0	0	0	0	0	0	0	0	0	0	0	1	0	0	0
Q8BYZ7	0	0	0	0	0	0	0	0	0	0	0	0	0	1	0	0	0	0	0	0	0
Q8BZ03	0	0	0	0	0	0	0	0	0	0	0	0	0	0	0	0	0	0	0	1	0
Q8BZ36	0	0	0	0	0	0	0	0	1	0	0	0	0	0	0	0	0	0	0	0	0
Q8BZA9	0	0	0	0	0	0	0	0	0	0	0	0	1	0	0	0	0	0	0	0	0
Q8BZF8	0	0	1	0	0	0	0	0	0	0	0	0	0	0	0	0	0	0	0	0	0
Q8BZH4	0	0	0	0	0	1	0	0	0	0	0	0	0	0	0	0	0	0	0	1	0
Q8BZJ7	0	0	0	0	0	0	0	0	0	0	0	0	1	0	0	0	0	0	0	0	0
Q8BZM1	0	0	0	0	0	0	0	0	0	0	0	0	0	0	0	0	0	0	1	0	0
Q8BZN6	0	0	0	0	0	0	0	0	0	0	0	0	0	0	0	0	0	1	0	0	0
Q8BZR9	0	0	0	0	0	0	0	0	0	0	0	0	0	0	0	0	0	0	0	1	0
Q8BZS9	0	0	0	0	0	0	1	0	0	0	0	0	0	0	0	0	0	0	0	0	0
Q8BZX4	0	0	0	0	0	0	0	0	0	0	0	0	0	0	0	0	0	0	0	1	0
Q8C025	0	0	0	0	0	0	0	0	0	1	0	0	0	0	0	0	0	0	0	0	0
Q8C050	0	0	0	0	0	1	0	0	0	0	0	0	0	0	0	0	0	0	0	0	0
Q8C078	0	0	0	0	0	1	0	0	0	0	0	0	0	0	0	0	0	0	0	0	0
Q8C0C7	0	0	0	0	0	0	0	0	1	0	0	0	0	0	0	0	0	0	0	0	0
Q8C0D4	0	0	0	0	0	1	0	0	0	0	0	0	0	0	0	0	0	0	0	0	0
Q8C0D5	0	0	0	0	0	0	0	0	1	0	0	0	0	0	0	0	0	0	0	0	0
Q8C0E2	0	0	0	0	0	1	0	0	0	0	0	0	0	0	0	0	0	0	0	0	0
Q8C0I1	0	0	0	0	0	0	0	0	0	1	0	0	0	0	0	0	0	0	0	0	0
Q8C0K5	1	0	0	0	0	0	0	0	0	0	0	0	0	0	0	0	0	0	0	0	0
Q8C0L9	0	0	0	0	0	0	0	0	0	0	0	0	1	0	0	0	0	0	0	0	0
Q8C0M0	0	0	0	0	0	0	0	0	1	0	0	0	0	0	0	0	0	0	0	0	0
Q8C0P5	0	0	0	0	0	0	0	0	0	0	0	0	0	0	0	1	0	0	0	0	0
Q8C0T1	0	0	0	0	0	0	0	0	0	0	0	0	0	0	1	0	0	0	0	0	0
Q8C0T5	0	0	0	0	0	0	0	0	0	0	0	0	0	0	0	0	1	0	0	0	0
Q8C129	0	1	0	0	0	0	0	0	0	0	0	0	0	0	0	0	0	0	0	0	0
Q8C142	0	0	0	0	0	0	0	0	0	0	0	0	0	0	0	0	0	1	0	0	0
Q8C147	0	0	0	0	0	0	0	0	0	0	0	0	0	0	0	0	0	0	0	1	0
Q8C165	0	0	0	0	0	0	0	0	0	0	1	0	0	0	0	0	0	0	0	0	0
Q8C167	0	0	0	0	0	1	0	0	0	0	0	0	0	0	0	0	0	0	0	0	0
Q8C196	0	0	0	0	0	0	0	0	0	0	1	0	0	0	0	0	0	0	0	0	0
Q8C1B1	0	0	0	0	0	1	0	0	0	0	0	0	0	0	0	0	1	0	0	0	0
Q8C3B8	0	1	0	0	0	0	0	0	0	0	0	0	0	0	0	0	0	0	0	0	0
Q8C3J5	0	0	0	0	0	0	0	0	0	0	0	0	0	0	0	0	0	1	0	0	0
Q8C3R1	0	0	0	0	0	0	0	0	0	0	0	0	0	0	0	0	0	0	1	0	0
Q8C3W1	0	0	0	0	0	0	0	0	0	0	0	0	0	0	0	0	1	0	0	0	0
Q8C3X2	1	0	0	0	0	0	0	0	0	0	0	0	0	0	0	0	0	0	0	0	0
Q8C3X4	1	0	0	0	0	0	0	0	0	0	0	0	0	0	0	0	0	0	0	0	0
Q8C3X8	0	0	0	0	0	0	0	0	1	0	0	0	0	0	0	0	0	0	0	0	0
Q8C407	0	0	0	0	0	0	0	0	1	0	0	0	0	0	0	0	0	0	0	0	0
Q8C460	0	0	0	0	0	0	0	0	0	0	0	0	0	0	0	0	1	0	0	0	0
Q8C4B4	1	0	0	0	0	0	0	0	0	0	0	0	0	0	0	0	0	0	0	0	0
Q8C4J7	0	0	0	0	0	0	0	0	0	0	0	0	0	0	0	0	0	0	0	1	0
Q8C4V1	0	0	0	0	0	0	0	0	0	1	0	0	0	0	0	0	0	0	0	0	0
Q8C547	0	0	0	0	0	0	0	0	0	0	0	0	0	0	0	0	0	0	1	0	0
Q8C5N3	0	0	0	0	0	0	0	0	0	0	0	0	0	0	0	0	0	1	0	0	0
Q8C5P5	0	0	0	0	0	0	0	0	0	0	0	0	0	0	0	0	0	0	1	0	0
Q8C650	0	0	0	0	1	0	0	0	0	0	0	0	0	0	0	0	0	0	0	0	0
Q8C6E0	0	0	0	0	0	0	0	0	0	0	0	0	0	0	0	0	0	0	1	0	0
Q8C6G8	0	0	0	1	0	0	0	0	0	0	0	0	0	0	0	0	0	0	0	0	0
Q8C6I2	1	0	0	0	0	0	0	0	0	0	0	0	0	0	0	0	0	0	0	0	0
Q8C754	0	0	0	0	0	0	0	0	1	0	0	0	0	0	0	0	0	0	0	0	0
Q8C7D2	0	0	0	0	0	1	0	0	0	0	0	0	0	0	0	0	0	0	0	0	0
Q8C7E7	0	0	0	0	0	0	0	0	0	0	0	0	1	0	0	0	0	0	0	0	0
Q8C7E9	0	0	0	0	0	0	0	0	0	0	0	0	0	0	0	0	0	0	1	0	0
Q8C7H1	0	0	0	0	0	0	0	0	0	1	0	0	0	0	0	0	0	0	0	0	0
Q8C7K6	0	0	0	0	0	1	0	0	0	0	0	0	0	0	0	0	1	0	0	0	0
Q8C7R4	0	0	0	0	0	0	0	0	0	0	0	0	0	0	0	0	0	0	1	0	0
Q8C7V3	0	0	0	0	0	0	0	0	0	0	0	0	0	0	0	0	0	0	0	1	0
Q8C854	0	0	0	0	0	0	0	1	0	0	0	0	0	0	0	0	0	0	0	0	0
Q8C8R3	0	0	0	0	0	0	0	1	0	0	0	0	0	0	0	0	0	0	0	0	0
Q8C8U0	0	0	0	0	0	0	0	0	0	0	0	1	0	0	0	0	0	0	0	0	0
Q8C9B9	0	0	0	0	0	0	0	0	0	0	0	0	0	0	0	0	0	0	0	1	0
Q8C9S4	0	0	0	0	0	0	0	0	0	0	0	0	0	0	0	0	0	0	1	0	0
Q8CAA7	0	0	0	0	0	0	0	0	0	0	0	0	0	0	0	0	1	0	0	0	0
Q8CAK1	0	0	0	0	0	0	0	0	0	1	0	0	0	0	0	0	0	0	0	0	0
Q8CAK3	0	0	0	0	0	0	0	0	0	0	0	0	0	0	0	0	1	0	0	0	0
Q8CAQ8	0	0	0	0	0	0	0	0	0	0	0	0	1	0	0	0	0	0	0	0	0
Q8CAS9	0	0	0	0	0	0	0	0	0	0	1	0	0	0	0	0	0	0	0	0	0
Q8CAY6	0	0	0	0	0	0	0	0	0	0	1	0	0	0	0	0	0	0	0	0	0
Q8CBE3	0	0	0	0	0	0	0	0	0	0	0	0	0	0	0	0	1	0	0	0	0
Q8CBQ5	0	0	0	0	0	0	0	0	0	0	0	0	0	0	0	1	0	0	1	0	0
Q8CBY0	1	0	0	0	0	0	0	0	0	0	0	0	0	0	0	0	0	0	0	0	0
Q8CC35	0	0	0	0	0	0	0	0	0	0	0	0	1	0	0	0	0	0	0	0	0
Q8CC88	1	0	0	0	0	0	0	0	0	0	0	0	0	0	0	0	0	0	0	0	0
Q8CCB4	0	0	0	0	0	1	0	0	0	0	0	0	0	0	0	0	0	0	0	0	0
Q8CCH2	0	0	0	0	0	0	0	0	0	1	0	0	0	0	0	0	0	0	0	0	0
Q8CCJ3	0	0	0	0	0	0	0	0	1	0	0	0	0	1	0	0	0	0	0	0	0
Q8CCM6	1	0	0	0	0	0	0	0	0	0	0	0	0	0	0	0	0	0	0	0	0
Q8CCN5	0	0	0	0	0	1	0	0	0	0	0	0	0	0	0	0	0	0	0	0	0
Q8CCT4	0	0	0	0	0	0	0	1	0	0	0	0	0	0	0	0	0	0	0	0	0
Q8CD15	0	0	0	0	0	0	0	0	0	0	0	0	0	0	0	0	0	1	0	0	0
Q8CD92	0	0	0	0	0	0	0	0	0	0	0	0	0	0	0	0	0	0	1	0	0
Q8CDA1	0	0	0	0	0	0	0	0	0	0	0	0	0	0	0	0	1	0	0	0	0
Q8CDG3	0	0	0	0	0	0	0	0	0	0	0	0	0	0	0	0	0	0	1	0	0
Q8CDN6	0	0	0	1	0	0	0	0	0	0	0	0	0	0	0	0	0	0	0	0	0
Q8CE50	0	0	0	0	0	0	0	0	0	0	0	0	0	0	0	0	1	0	0	0	0
Q8CE90	0	0	0	0	0	1	0	0	0	0	0	0	0	0	0	0	0	0	0	0	0
Q8CE96	0	0	0	0	0	0	0	0	0	0	0	0	0	0	0	0	0	1	0	0	0
Q8CEC6	0	0	0	0	0	0	0	0	0	0	0	0	0	0	0	0	0	0	0	1	0
Q8CEE7	1	0	0	0	0	0	0	0	0	0	0	0	0	0	0	0	0	0	0	0	0
Q8CEI1	1	0	0	0	0	0	0	0	0	0	0	0	0	0	0	0	0	0	0	0	0
Q8CES0	0	0	0	0	0	0	0	0	0	0	0	0	0	0	0	0	0	0	1	0	0
Q8CFA2	0	0	0	0	0	0	0	0	0	1	0	0	0	0	0	0	0	0	0	0	0
Q8CFB4	0	0	0	0	0	0	0	0	0	0	0	0	0	0	0	0	0	1	0	0	0
Q8CFE2	0	0	0	0	0	0	0	0	0	0	0	0	0	0	0	0	0	0	0	1	0
Q8CFE3	0	0	0	0	0	0	0	0	0	0	0	0	0	0	0	0	0	0	0	1	0
Q8CFI0	0	0	0	0	0	1	0	0	0	0	0	0	0	0	0	0	0	0	0	0	0
Q8CFI2	0	0	0	0	0	0	0	0	0	0	0	0	0	0	0	0	0	0	1	0	0
Q8CFJ7	0	0	0	0	0	0	0	0	0	1	0	0	0	0	0	0	0	0	0	0	0
Q8CFJ9	0	0	0	0	0	0	0	0	0	0	0	0	0	0	0	0	0	0	0	0	1
Q8CFQ3	0	0	0	0	0	0	0	0	0	0	0	0	0	0	0	0	0	0	0	1	0
Q8CG14	0	0	0	0	0	0	0	0	0	0	0	0	0	0	0	0	0	0	0	0	1
Q8CG16	0	1	0	0	0	0	0	0	0	0	0	0	0	0	0	0	0	0	0	0	0
Q8CG19	0	0	1	0	0	0	0	0	0	0	0	0	0	0	0	0	0	0	0	0	0
Q8CG48	0	0	0	1	0	0	0	0	0	0	0	0	0	0	0	0	0	0	0	0	0
Q8CG50	0	0	0	0	0	0	0	0	0	0	0	0	0	0	0	0	0	1	0	0	0
Q8CG76	0	0	0	0	0	0	0	0	0	1	0	0	0	0	0	0	0	0	0	0	0
Q8CG79	0	0	0	0	0	0	0	0	0	0	1	0	0	0	0	0	0	0	0	0	0
Q8CGA0	0	0	0	0	0	0	0	0	0	0	0	0	0	0	0	0	1	0	0	0	0
Q8CGB6	0	0	0	0	1	0	0	0	0	0	0	0	0	0	0	0	0	0	0	0	0
Q8CGC4	0	0	0	0	0	1	0	0	0	0	0	0	0	0	0	0	0	0	0	0	0
Q8CGC7	0	0	0	0	0	0	0	0	0	0	0	0	1	0	0	0	0	0	0	0	0
Q8CGF1	0	0	0	0	0	0	0	0	0	0	0	0	0	0	0	0	0	0	1	0	0
Q8CGF6	0	0	0	0	0	0	0	0	0	0	0	0	0	0	0	0	1	0	0	0	0
Q8CGN5	0	0	0	0	0	0	0	0	0	0	0	0	0	0	0	0	0	0	0	0	1
Q8CGU1	0	0	0	0	0	0	0	0	0	0	0	0	0	0	0	0	0	0	1	0	0
Q8CGY8	0	0	0	0	0	1	0	0	0	0	0	0	0	0	0	0	0	0	0	0	0
Q8CH02	0	0	0	0	0	0	0	0	0	0	0	0	0	0	0	0	0	0	0	1	0
Q8CH72	0	0	0	0	0	1	0	0	0	0	0	0	0	0	0	0	0	0	0	0	1
Q8CHC4	0	0	0	0	0	1	0	0	0	0	0	0	0	0	0	0	1	0	0	0	0
Q8CHG3	0	0	0	0	0	0	1	0	0	0	0	0	0	0	0	0	0	0	0	0	0
Q8CHG7	0	0	0	0	0	0	0	0	0	0	0	0	0	0	0	0	1	0	0	0	0
Q8CHH9	0	0	0	0	0	0	0	1	0	0	0	0	0	0	0	0	0	0	0	0	0
Q8CHK3	0	0	0	0	0	0	0	0	0	1	0	0	0	0	0	0	0	0	0	0	0
Q8CHP8	0	0	0	0	0	0	0	0	0	0	0	0	0	0	0	0	0	0	1	0	0
Q8CHQ0	0	0	0	0	0	0	0	0	0	0	0	0	0	0	0	0	0	0	1	0	0
Q8CHR6	0	0	0	0	0	0	0	0	0	0	1	0	0	0	0	0	0	0	0	0	0
Q8CHT1	0	0	0	0	0	0	0	0	0	0	0	0	0	0	0	0	1	0	0	0	0
Q8CHW4	0	0	0	0	0	0	0	0	1	0	0	0	0	0	0	0	0	0	0	0	0
Q8CHY6	0	0	0	0	0	0	0	1	0	0	0	0	0	0	0	0	0	0	0	0	0
Q8CI04	0	0	0	0	0	0	0	0	0	0	0	0	0	0	0	0	0	0	1	0	0
Q8CI51	0	0	0	0	0	0	0	0	0	0	0	0	1	0	0	0	0	0	0	0	0
Q8CI61	0	0	0	0	0	1	0	0	0	0	0	0	0	0	0	0	0	0	0	0	0
Q8CI70	0	0	0	0	0	0	0	0	0	0	0	0	1	0	0	0	0	0	0	0	0
Q8CI78	1	0	0	0	0	0	0	0	0	0	0	0	0	0	0	0	0	0	0	0	0
Q8CI94	0	0	0	0	0	0	0	0	0	0	0	0	0	0	0	0	1	0	0	0	0
Q8CIB5	0	0	1	0	0	0	0	0	0	0	0	0	0	0	0	0	0	0	0	0	0
Q8CIB6	0	0	0	0	0	0	0	0	0	0	0	0	0	0	0	0	0	0	1	0	0
Q8CIE4	0	1	0	0	0	0	0	0	0	0	0	0	0	0	0	0	0	0	0	0	0
Q8CIE6	0	0	0	0	0	0	0	0	0	0	0	0	0	1	0	0	0	0	0	0	0
Q8CIF4	0	0	0	0	0	0	0	0	0	0	1	0	0	0	0	0	0	0	0	0	0
Q8CIH5	0	0	0	0	0	0	0	0	0	0	0	0	0	0	0	0	0	1	0	0	0
Q8CIH9	0	0	0	0	0	0	0	0	0	1	0	0	0	0	0	0	0	0	0	0	0
Q8CIM7	0	0	0	0	0	0	0	0	0	0	1	0	0	0	0	0	0	0	0	0	0
Q8CIM8	0	0	0	0	0	0	0	0	0	0	0	0	0	0	0	0	0	0	0	1	0
Q8CJ19	0	0	0	0	0	1	0	0	0	0	0	0	0	0	0	0	0	0	0	0	0
Q8CJ40	0	0	0	0	0	0	0	1	0	0	0	0	0	0	0	0	0	0	0	0	0
Q8CJ61	0	0	0	0	0	0	0	0	0	1	0	0	0	0	0	0	0	0	0	0	0
Q8CJ96	0	0	0	0	0	0	0	0	0	0	0	0	0	0	1	0	0	0	0	0	0
Q8CJF7	0	0	0	0	0	0	0	0	0	0	0	0	0	0	0	0	0	0	0	1	0
Q8CJG0	1	0	0	0	0	0	0	0	0	0	0	0	0	0	0	0	0	0	0	0	0
Q8CJG1	0	0	0	0	0	0	0	0	0	0	0	1	0	0	0	0	0	0	0	0	0
Q8JZN5	1	0	0	0	0	0	0	0	0	0	0	0	0	0	0	0	0	0	0	0	0
Q8JZN7	1	0	0	0	0	0	0	0	0	0	0	0	0	0	0	0	0	0	0	0	0
Q8JZQ2	1	0	0	0	0	0	0	0	0	0	0	0	0	0	0	0	0	0	0	0	0
Q8JZQ9	0	0	0	0	0	0	0	0	1	0	0	0	0	0	0	0	0	0	0	0	0
Q8JZR0	0	0	0	0	0	0	0	0	0	0	0	0	0	0	0	1	0	0	0	0	0
Q8JZU0	1	0	0	0	0	0	0	0	0	0	0	0	0	0	0	0	0	0	0	0	0
Q8JZV7	0	0	0	0	0	0	0	0	0	1	0	0	0	0	0	0	0	0	0	0	0
Q8JZV9	0	0	0	0	0	0	0	0	0	1	0	0	0	0	0	0	0	0	0	0	0
Q8K003	0	0	0	0	0	0	0	1	0	0	0	0	0	0	0	0	0	0	0	0	0
Q8K009	0	0	0	0	0	0	0	0	1	0	0	0	0	1	0	0	0	0	0	0	0
Q8K010	1	0	0	0	0	0	0	0	0	0	0	0	0	0	0	0	0	0	0	0	0
Q8K012	0	0	0	0	1	0	0	0	0	0	0	0	0	0	0	0	0	0	0	0	0
Q8K0B2	0	0	0	0	0	0	0	1	0	0	0	0	0	0	0	0	0	0	0	0	0
Q8K0C4	0	0	0	0	0	0	0	0	0	1	0	0	0	0	0	0	0	0	0	0	0
Q8K0C9	0	0	0	0	0	0	1	0	0	0	0	0	0	0	0	0	0	0	0	0	0
Q8K0D0	0	0	0	0	0	0	0	0	0	0	0	0	0	0	0	0	0	0	0	1	0
Q8K0D2	0	0	0	0	0	0	0	0	0	0	0	0	1	0	0	0	0	0	0	0	0
Q8K0D5	1	0	0	0	0	0	0	0	0	0	0	0	0	0	0	0	0	0	0	0	0
Q8K0F1	0	0	0	0	0	0	0	0	0	0	0	0	0	0	0	1	0	0	0	0	0
Q8K0L9	0	0	0	0	0	0	0	0	0	1	0	0	0	0	0	0	0	0	0	0	0
Q8K0T0	0	0	0	0	0	1	0	0	0	0	0	0	0	0	0	0	0	0	0	0	0
Q8K0U4	0	0	0	0	0	0	0	0	0	0	0	0	0	0	0	0	1	0	0	0	0
Q8K0Y7	0	0	0	0	0	0	0	0	0	0	1	0	0	0	0	0	0	0	0	0	0
Q8K0Z7	0	0	0	0	0	0	0	0	0	1	0	0	0	0	0	0	0	0	0	0	0
Q8K114	0	0	0	0	0	0	0	0	0	0	0	0	0	0	0	0	0	0	0	1	0
Q8K135	0	0	0	0	0	0	0	0	0	0	0	0	0	0	0	1	0	0	0	0	0
Q8K157	0	0	0	0	0	0	0	0	0	1	0	0	0	0	0	0	0	0	0	0	0
Q8K1C0	0	0	0	0	0	0	1	0	0	0	0	0	0	0	0	0	0	0	0	0	0
Q8K1E0	0	0	0	0	0	0	0	0	0	0	0	0	0	1	0	0	0	0	0	0	0
Q8K1H1	0	0	0	0	0	0	0	0	0	0	0	0	0	0	0	0	0	0	1	0	0
Q8K1I7	0	0	0	0	0	0	0	0	0	0	0	0	0	0	0	0	0	1	0	0	0
Q8K1R3	1	0	0	0	0	0	0	0	0	0	0	0	0	0	0	0	0	0	0	0	0
Q8K1X4	0	0	0	0	0	0	0	0	0	0	0	0	0	0	0	0	0	1	0	0	0
Q8K1Z0	0	0	0	0	0	0	0	0	0	0	0	0	1	0	0	0	0	0	0	0	0
Q8K209	0	0	0	1	0	1	0	0	0	0	0	0	0	0	0	0	0	0	0	0	0
Q8K224	0	0	0	0	0	0	0	0	1	0	0	0	0	0	0	0	0	0	0	0	0
Q8K245	0	0	0	0	0	0	0	0	0	0	0	0	0	0	0	0	0	0	0	1	0
Q8K268	0	0	0	0	0	0	0	0	1	0	0	0	0	0	0	0	0	0	0	0	0
Q8K274	0	0	0	0	0	0	0	1	0	0	0	0	0	0	0	0	0	0	0	0	0
Q8K284	0	0	0	0	0	0	0	0	0	0	0	0	0	0	0	0	0	0	0	1	0
Q8K2A7	0	0	0	0	0	0	0	0	0	0	0	0	0	0	0	0	0	0	1	0	0
Q8K2B0	0	0	0	0	0	0	0	0	0	0	0	0	0	0	1	0	0	0	0	0	0
Q8K2C7	0	0	0	0	0	0	0	0	0	0	0	0	0	0	0	0	0	0	1	0	0
Q8K2C8	1	0	0	0	0	0	0	0	0	0	0	0	0	0	0	0	0	0	0	0	0
Q8K2F0	0	0	0	0	0	0	0	0	0	0	0	0	0	0	0	0	0	0	1	0	0
Q8K2H1	0	0	0	0	0	0	0	0	0	0	0	0	0	0	0	0	0	0	1	0	0
Q8K2I4	0	0	0	0	0	0	0	0	0	1	0	0	0	0	0	0	0	0	0	0	0
Q8K2M0	0	0	0	0	0	0	0	0	0	1	0	0	0	0	0	0	0	0	0	0	0
Q8K2Q9	0	0	0	0	0	0	0	0	0	0	0	0	0	1	0	0	0	0	0	0	0
Q8K2T8	0	0	0	0	0	0	0	0	0	0	0	0	0	0	0	0	0	0	0	1	0
Q8K2V1	0	0	0	0	0	0	0	0	0	0	0	0	0	0	0	0	0	0	1	0	0
Q8K2V6	0	0	0	0	0	0	0	1	0	0	0	0	0	0	0	0	0	0	0	0	0
Q8K2X3	0	0	0	0	0	0	0	0	0	0	0	0	0	0	0	0	0	0	1	0	0
Q8K2Y7	1	0	0	0	0	0	0	0	0	0	0	0	0	0	0	0	0	0	0	0	0
Q8K327	0	0	0	0	0	0	0	0	0	0	0	0	0	0	0	0	0	0	0	1	0
Q8K337	0	0	0	0	0	0	0	0	0	0	0	1	0	0	0	0	0	0	0	0	0
Q8K358	0	0	0	0	0	0	0	0	0	0	0	1	0	0	0	0	0	0	0	0	0
Q8K363	0	0	0	0	0	0	0	0	1	0	0	0	0	0	0	0	0	0	0	0	0
Q8K370	1	0	0	0	0	0	0	0	0	0	0	0	0	0	0	0	0	0	0	0	0
Q8K394	0	0	0	0	0	1	0	0	0	0	0	0	0	0	0	0	0	0	0	0	0
Q8K3A9	0	0	0	0	0	0	0	0	0	0	0	0	0	0	0	0	0	0	0	1	0
Q8K3F7	0	0	0	0	0	0	0	0	0	1	0	0	0	0	0	0	0	0	0	0	0
Q8K3G9	0	0	0	0	0	0	0	0	0	0	0	0	0	1	0	0	0	0	0	0	0
Q8K3J1	0	0	0	0	0	0	0	0	0	0	0	0	1	0	0	0	0	0	0	0	0
Q8K3K7	1	0	0	0	0	0	0	0	0	0	0	0	0	0	0	0	0	0	0	0	0
Q8K3K8	0	0	0	1	0	0	0	0	0	0	0	0	0	0	0	0	0	0	0	0	0
Q8K3W0	0	0	0	0	0	0	0	0	0	0	0	0	0	0	0	1	0	0	0	0	0
Q8K3X4	0	0	0	0	0	0	0	0	0	1	0	0	0	0	0	0	0	0	0	0	0
Q8K3Z9	0	0	0	0	0	0	0	0	0	0	0	0	0	0	0	0	0	0	0	1	0
Q8K400	0	0	0	0	0	0	0	0	0	0	0	0	0	0	0	0	1	0	0	0	0
Q8K440	0	0	0	0	0	0	0	0	0	0	1	0	0	0	0	0	0	0	0	0	0
Q8K449	0	1	0	0	0	0	0	0	0	0	0	0	0	0	0	0	0	0	0	0	0
Q8K4F5	0	0	0	0	0	0	0	0	0	1	0	0	0	0	0	0	0	0	0	0	0
Q8K4L0	0	0	0	0	0	0	0	0	0	0	0	0	0	0	0	0	0	0	0	1	0
Q8K4L3	0	0	1	0	0	0	0	0	0	0	0	0	0	0	0	0	0	0	0	0	0
Q8K4Q0	0	0	0	0	0	1	0	0	0	0	0	0	0	0	0	0	0	0	0	0	0
Q8K4Q8	0	0	0	0	0	0	0	0	0	0	0	1	0	0	0	0	0	0	0	0	0
Q8K4R4	0	0	0	0	0	0	0	1	0	0	0	0	0	0	0	0	0	0	0	0	0
Q8K4Z5	0	0	0	0	0	0	0	0	0	0	0	0	0	0	0	0	0	1	0	0	0
Q8QZR5	0	0	0	0	0	0	0	0	0	0	1	0	0	0	0	0	0	0	0	0	0
Q8QZS1	1	0	0	0	0	0	0	0	0	0	0	0	0	0	0	0	0	0	0	0	0
Q8QZV7	0	0	0	0	0	0	0	0	0	0	0	0	0	0	0	0	0	0	0	1	0
Q8QZY1	0	0	0	0	0	0	0	0	1	0	0	0	0	0	0	0	0	0	0	0	0
Q8QZY2	0	0	0	0	0	0	0	0	0	0	1	0	0	0	0	0	0	0	0	0	0
Q8R001	0	0	0	0	0	0	0	1	0	0	0	0	0	0	0	0	0	0	0	0	0
Q8R010	0	0	0	0	0	0	0	1	0	0	0	0	0	0	0	0	0	0	0	0	0
Q8R016	0	0	0	0	0	0	0	1	0	0	0	0	0	0	0	0	0	0	0	0	0
Q8R035	1	0	0	0	0	0	0	0	0	0	0	0	0	0	0	0	0	0	0	0	0
Q8R050	0	0	0	0	0	0	0	0	0	0	0	0	0	1	0	0	0	0	0	0	0
Q8R086	0	0	0	0	0	0	0	0	0	1	0	0	0	0	0	0	0	0	0	0	0
Q8R088	0	0	0	0	0	0	1	0	0	0	0	0	0	0	0	0	0	0	0	0	0
Q8R0A0	0	0	0	1	0	0	0	0	0	0	0	0	0	0	0	0	0	0	0	0	0
Q8R0A7	0	0	0	0	0	1	0	0	0	0	0	0	0	0	0	0	0	0	0	0	0
Q8R0F6	0	0	0	1	0	0	0	0	0	0	0	0	0	0	0	0	0	0	0	0	0
Q8R0F8	0	0	0	0	0	0	0	0	0	1	0	0	0	0	0	0	0	0	0	0	0
Q8R0J8	0	0	0	0	0	0	0	0	0	0	1	0	0	0	0	0	0	0	0	0	0
Q8R0K9	0	0	1	0	0	0	0	0	0	0	0	0	0	0	0	0	0	0	0	0	0
Q8R0P4	0	0	0	0	0	0	0	0	0	0	0	0	1	0	0	0	0	0	0	0	0
Q8R0S2	0	0	0	0	0	1	0	0	0	0	0	0	0	0	0	0	1	0	0	0	0
Q8R0W0	0	0	0	0	0	0	0	0	0	0	0	0	0	0	1	0	0	0	0	0	0
Q8R0Y6	0	0	0	0	0	0	0	0	0	0	1	0	0	0	0	0	0	0	0	0	0
Q8R0Y8	1	0	0	0	0	0	0	0	0	0	0	0	0	0	0	0	0	0	0	0	0
Q8R104	1	0	0	0	0	0	0	0	0	0	0	0	0	0	0	0	0	0	0	0	0
Q8R105	0	0	0	0	0	0	0	0	0	0	0	0	0	0	1	0	0	0	0	0	0
Q8R121	0	1	0	0	0	0	0	0	0	0	0	0	0	0	0	0	0	0	0	0	0
Q8R127	0	0	0	0	0	0	0	0	0	0	0	0	0	0	0	0	0	0	1	0	0
Q8R164	0	0	0	0	0	0	0	0	0	1	0	0	0	0	0	0	0	0	0	0	0
Q8R1B4	0	0	0	0	0	0	0	1	0	0	0	0	0	0	0	0	0	0	0	0	0
Q8R1F6	0	0	0	0	0	0	0	0	1	0	0	0	0	1	0	0	0	0	0	0	0
Q8R1K1	0	0	0	0	0	0	0	0	0	0	0	0	0	0	0	0	0	0	1	0	0
Q8R1K4	0	0	0	0	0	0	0	0	0	0	0	0	0	0	1	0	0	0	0	0	0
Q8R1N0	0	0	0	0	0	0	0	0	0	0	0	0	0	0	0	0	0	0	0	1	0
Q8R1Q8	0	0	0	0	0	0	0	0	0	0	0	0	0	0	0	0	1	0	0	0	0
Q8R1R3	0	0	0	0	0	0	0	1	0	0	0	0	0	0	0	0	0	0	0	0	0
Q8R1S0	1	0	0	0	0	0	0	0	0	0	0	0	0	0	0	0	0	0	0	0	0
Q8R1S4	0	0	0	0	0	1	0	0	0	0	0	0	0	0	0	0	0	0	0	0	0
Q8R1X6	0	0	0	0	0	0	0	0	1	0	0	0	0	0	0	0	0	0	0	0	0
Q8R238	1	0	0	0	0	0	0	0	0	0	0	0	0	0	0	0	0	0	0	0	0
Q8R2E9	0	0	0	0	0	0	0	0	1	0	0	0	0	1	0	0	0	0	0	0	0
Q8R2N2	0	0	0	0	0	0	0	0	0	0	0	0	0	0	0	0	0	0	0	1	0
Q8R2Q8	0	0	0	0	0	0	0	0	0	0	0	1	0	0	0	0	0	0	0	0	0
Q8R2U4	0	0	0	0	0	0	0	0	0	0	0	0	0	0	0	0	0	0	1	0	0
Q8R2V5	0	0	0	0	0	0	0	0	0	0	1	0	0	0	0	0	0	0	0	0	0
Q8R2Y0	0	0	0	0	0	0	0	0	0	0	0	0	0	1	0	0	0	0	0	0	0
Q8R2Y2	0	0	0	0	0	0	0	0	0	0	0	0	0	0	0	0	0	0	0	0	1
Q8R2Y9	0	0	0	0	0	0	0	1	0	0	0	0	0	0	0	0	0	0	0	0	0
Q8R313	0	0	0	0	0	0	0	0	0	1	0	0	0	0	0	0	0	0	0	0	0
Q8R326	0	0	0	1	0	0	0	0	0	0	0	0	0	0	0	0	0	0	0	0	0
Q8R344	0	0	0	0	0	0	0	0	0	0	0	0	0	0	0	0	0	1	0	0	0
Q8R349	0	0	0	0	0	1	0	0	0	0	0	0	0	0	0	0	0	0	0	0	0
Q8R361	0	0	1	0	0	0	0	0	0	0	0	0	0	0	0	0	0	0	0	0	0
Q8R366	0	0	0	0	0	0	0	1	0	0	0	0	0	0	0	0	0	0	0	0	0
Q8R3C0	0	0	0	0	0	0	0	0	0	0	0	0	0	0	0	0	0	0	0	1	0
Q8R3H9	0	0	0	0	0	0	0	0	0	0	0	0	0	0	0	0	0	0	1	0	0
Q8R3K3	0	0	0	0	0	0	0	0	0	1	0	0	0	0	0	0	0	0	0	0	0
Q8R3N1	0	0	0	0	0	0	0	0	0	0	0	0	0	0	0	0	0	0	0	1	0
Q8R3P0	0	0	0	0	0	0	0	0	0	1	0	0	0	0	0	0	0	0	0	0	0
Q8R3Q2	0	0	0	0	0	1	0	0	0	0	0	0	0	0	0	0	0	0	0	0	0
Q8R3U1	0	0	0	0	0	0	0	0	0	0	0	0	0	0	0	0	0	0	0	0	1
Q8R3Y8	0	0	0	0	0	0	0	0	0	0	0	0	0	0	0	0	0	0	0	1	0
Q8R404	1	0	0	0	0	0	0	0	0	0	0	0	0	0	0	0	0	0	0	0	0
Q8R422	0	0	0	0	0	0	0	0	0	0	0	0	0	0	1	0	0	0	0	0	0
Q8R429	0	0	0	0	0	0	0	0	0	0	0	0	1	0	0	0	0	0	0	0	0
Q8R464	0	0	0	0	0	0	0	0	0	0	0	0	0	0	0	0	1	0	0	0	0
Q8R480	0	0	0	0	0	0	0	1	0	0	0	0	0	0	0	0	0	0	0	0	0
Q8R4C2	0	0	0	0	0	0	0	0	0	0	0	0	0	0	0	0	1	0	0	0	0
Q8R4X3	0	0	0	1	0	0	0	0	0	0	0	0	0	0	0	0	0	0	0	0	0
Q8R502	0	0	0	0	0	0	0	0	0	0	0	1	0	0	0	0	0	0	0	0	0
Q8R570	0	0	0	0	0	1	0	0	0	0	0	0	0	0	0	0	0	0	0	0	0
Q8R5A3	0	0	0	1	0	0	0	0	0	0	0	0	0	0	0	0	0	0	0	0	0
Q8R5C5	0	0	0	0	0	0	0	0	1	0	0	0	0	0	0	0	0	0	0	0	0
Q8R5H1	0	0	0	0	0	0	0	0	0	0	0	0	1	0	0	0	0	0	0	0	0
Q8R5J9	0	0	0	0	0	0	0	0	0	0	0	0	1	0	0	0	0	0	0	0	0
Q8VBT6	0	0	0	1	0	0	0	0	0	0	0	0	0	0	0	0	0	0	0	0	0
Q8VBV3	0	0	0	1	0	0	0	0	0	0	0	0	0	0	0	0	0	0	0	0	0
Q8VBX6	0	0	0	0	0	0	0	0	0	0	0	0	0	0	0	0	1	0	0	0	0
Q8VC03	0	0	0	0	0	0	0	0	0	0	0	0	0	0	0	0	0	1	0	0	0
Q8VC16	0	0	0	0	0	0	0	0	0	0	0	0	0	0	0	0	0	0	1	0	0
Q8VC28	0	0	0	0	0	0	0	0	0	0	1	0	0	0	0	0	0	0	0	0	0
Q8VC30	0	0	0	0	0	0	0	0	0	0	1	0	0	0	0	0	0	0	0	0	0
Q8VC31	0	0	1	0	0	0	0	0	0	0	0	0	0	0	0	0	0	0	0	0	0
Q8VC70	0	0	0	0	1	0	0	0	0	0	0	0	0	0	0	0	0	0	0	0	0
Q8VCA8	0	0	0	0	0	0	0	0	0	1	0	0	0	0	0	0	0	0	0	0	0
Q8VCB1	0	0	0	0	0	0	0	0	0	0	0	0	0	0	0	0	0	0	0	1	0
Q8VCC1	0	0	0	0	0	0	0	0	0	0	0	1	0	0	0	0	0	0	0	0	0
Q8VCC2	0	0	0	0	0	0	0	0	0	0	1	0	0	0	0	0	0	0	0	0	0
Q8VCF1	0	0	0	0	0	0	1	0	0	0	0	0	0	0	0	0	0	0	0	0	0
Q8VCG3	0	0	0	0	0	0	0	0	0	0	0	0	0	0	0	0	0	0	0	1	0
Q8VCG4	0	1	0	0	0	0	0	0	0	0	0	0	0	0	0	0	0	0	0	0	0
Q8VCH6	0	0	0	0	0	0	0	0	0	1	0	0	0	0	0	0	0	0	0	0	0
Q8VCI5	0	0	0	0	0	0	0	0	0	0	0	0	0	0	0	0	0	0	0	0	1
Q8VCL2	0	0	0	0	0	0	1	0	0	0	0	0	0	0	0	0	0	0	0	0	0
Q8VCM5	1	0	0	0	0	0	0	0	0	0	0	0	0	0	0	0	0	0	0	0	0
Q8VCN5	0	0	0	0	0	0	0	0	0	0	1	0	0	0	0	0	0	0	0	0	0
Q8VCN9	0	0	0	0	0	0	0	0	0	0	0	0	0	0	0	0	0	0	1	0	0
Q8VCP8	0	0	0	1	0	0	0	0	0	0	0	0	0	0	0	0	0	0	0	0	0
Q8VCQ3	0	0	0	0	0	0	0	0	0	0	0	0	0	0	1	0	0	0	0	0	0
Q8VCR7	0	0	0	0	0	0	0	0	0	0	1	0	0	0	0	0	0	0	0	0	0
Q8VCS0	0	0	0	0	0	0	0	0	0	0	0	0	0	0	0	0	0	0	0	0	1
Q8VCS3	0	0	0	0	0	0	1	0	0	0	0	0	0	0	0	0	0	0	0	0	0
Q8VCT4	1	0	0	0	0	0	0	0	0	0	0	0	0	0	0	0	0	0	0	0	0
Q8VCW8	0	0	0	0	0	0	0	0	0	0	1	0	0	0	0	0	0	0	0	0	0
Q8VD00	0	0	0	0	0	0	0	0	0	0	0	0	0	1	0	0	0	0	0	0	0
Q8VD26	1	0	0	0	0	0	0	0	0	0	0	0	0	0	0	0	0	0	0	0	0
Q8VD66	0	0	0	0	0	0	0	0	0	0	0	0	0	0	0	0	1	0	0	0	0
Q8VDB2	0	0	0	0	0	0	0	0	1	0	0	0	0	0	0	0	0	0	0	0	0
Q8VDC1	0	0	0	0	0	0	0	0	0	0	0	0	0	0	0	0	0	0	1	0	0
Q8VDD8	0	0	0	0	0	0	0	0	0	0	0	0	0	0	0	0	1	0	0	0	0
Q8VDG3	0	0	0	0	0	0	0	0	0	0	0	0	0	0	0	0	0	1	0	0	0
Q8VDG5	1	0	0	0	0	0	0	0	0	0	0	0	0	0	0	0	0	0	0	0	0
Q8VDG7	0	0	0	0	0	0	0	0	0	0	1	0	0	0	0	0	0	0	0	0	0
Q8VDI7	0	0	0	0	0	0	0	0	0	0	0	0	1	0	0	0	0	0	0	0	0
Q8VDI9	0	0	0	0	0	0	0	0	1	0	0	0	0	0	0	0	0	0	0	0	0
Q8VDJ3	0	0	0	0	0	0	0	0	0	0	0	0	0	1	0	0	0	0	0	0	0
Q8VDK1	0	0	0	0	0	0	0	0	0	1	0	0	0	0	0	0	0	0	0	0	0
Q8VDL4	0	0	0	0	0	0	0	0	1	0	0	0	0	0	0	0	0	0	0	0	0
Q8VDM4	0	0	0	0	0	0	0	1	0	0	0	0	0	0	0	0	0	0	0	0	0
Q8VDN2	0	0	0	0	0	0	0	0	0	1	0	0	0	0	0	0	0	0	0	0	0
Q8VDP2	0	0	0	0	0	1	0	0	0	0	0	0	0	0	0	0	0	0	0	0	0
Q8VDQ1	1	0	0	0	0	0	0	0	0	0	0	0	0	0	0	0	0	0	0	0	0
Q8VDQ8	0	0	0	0	0	0	0	0	0	0	0	0	0	0	0	0	1	0	0	0	0
Q8VDR9	0	0	0	0	1	0	0	0	0	0	0	1	0	0	0	0	0	0	0	0	0
Q8VDS4	0	0	0	0	0	0	0	0	0	0	0	0	0	0	0	0	0	0	1	0	0
Q8VDS8	0	0	0	0	0	0	0	0	0	0	0	0	0	0	0	0	0	0	0	0	1
Q8VDU5	0	0	0	0	0	1	0	0	0	0	0	0	0	0	0	0	0	0	0	0	0
Q8VDV3	0	0	0	1	0	0	0	0	0	0	0	0	0	0	0	0	0	0	0	0	0
Q8VDW0	0	0	0	1	0	0	0	0	0	0	0	0	0	0	0	0	0	0	0	0	0
Q8VE11	0	0	0	0	0	0	0	0	0	0	0	0	0	0	0	0	0	0	1	0	0
Q8VE22	1	0	0	0	0	0	0	0	0	0	0	0	0	0	0	0	0	0	0	0	0
Q8VE37	0	0	0	0	0	0	0	1	0	0	0	0	0	0	0	0	0	0	0	0	0
Q8VE38	1	0	0	0	0	0	0	0	0	0	0	0	0	0	0	0	0	0	0	0	0
Q8VE42	0	0	0	0	0	0	0	0	0	0	0	0	0	0	0	0	0	0	1	0	0
Q8VE47	0	0	0	0	0	0	0	0	0	0	0	0	0	1	0	0	0	0	0	0	0
Q8VE62	0	0	0	0	0	0	0	1	0	0	0	0	0	0	0	0	0	0	0	0	0
Q8VE65	0	0	0	0	0	0	0	0	0	0	0	0	0	0	0	0	0	0	0	1	0
Q8VE95	1	0	0	0	0	0	0	0	0	0	0	0	0	0	0	0	0	0	0	0	0
Q8VE96	0	1	0	0	0	0	0	0	0	0	0	0	0	0	0	0	0	0	0	0	0
Q8VE97	0	0	0	0	0	0	0	1	0	0	0	0	0	0	0	0	0	0	0	0	0
Q8VED2	0	0	0	1	0	0	0	0	0	0	0	0	0	0	0	0	0	0	0	0	0
Q8VED5	0	0	0	0	0	0	0	0	0	0	0	0	0	0	1	0	0	0	0	0	0
Q8VED9	0	0	0	0	0	0	0	0	0	0	0	0	0	0	1	0	0	0	0	0	0
Q8VEH5	0	0	0	0	0	1	0	0	0	0	0	0	0	0	0	0	1	0	0	0	0
Q8VEH6	0	0	0	0	0	0	0	0	0	0	0	0	0	0	0	0	0	0	1	0	0
Q8VEJ4	0	0	0	0	0	0	0	0	0	0	0	0	0	0	0	0	0	1	0	0	0
Q8VEK0	0	0	0	0	0	0	0	0	0	1	0	0	0	0	0	0	0	0	0	0	0
Q8VEK3	0	0	0	0	0	0	0	1	0	0	0	0	0	0	0	0	0	0	0	0	0
Q8VEL0	0	0	0	0	0	0	0	0	0	0	0	0	0	1	0	0	0	0	0	0	0
Q8VHC3	0	0	0	0	0	0	0	0	1	0	0	0	0	0	0	0	0	0	0	0	0
Q8VHE0	0	0	0	0	0	0	0	0	0	0	0	0	0	1	0	0	0	0	0	0	0
Q8VHK1	0	0	0	0	1	0	0	0	0	0	0	1	0	0	0	0	0	0	0	0	0
Q8VHK9	0	0	0	0	0	0	0	0	1	0	0	0	0	0	0	0	0	0	0	0	0
Q8VHL1	0	0	0	0	0	0	0	0	0	0	0	0	1	0	0	0	0	0	0	0	0
Q8VHQ9	1	0	0	0	0	0	0	0	0	0	0	0	0	0	0	0	0	0	0	0	0
Q8VHR5	0	0	0	0	0	0	0	0	0	0	0	0	0	0	0	0	0	1	0	0	0
Q8VHX6	0	0	0	0	0	0	0	0	0	0	0	0	1	0	0	0	0	0	0	0	0
Q8VI36	0	0	0	0	0	0	0	0	0	0	0	1	0	0	0	0	0	0	0	0	0
Q8VI63	0	0	0	0	0	0	0	1	0	0	0	0	0	0	0	0	0	0	0	0	0
Q8VI75	0	0	0	0	0	0	0	1	0	0	0	0	0	0	0	0	0	0	0	0	0
Q8VIJ6	0	0	0	1	0	0	0	0	0	0	0	0	0	0	0	0	0	0	0	0	0
Q8VIK2	1	0	0	0	0	0	0	0	0	0	0	0	0	0	0	0	0	0	0	0	0
Q8VIM9	0	0	0	0	0	0	0	1	0	0	0	0	0	0	0	0	0	0	0	0	0
Q91UZ5	1	0	0	0	0	0	0	0	0	0	0	0	0	0	0	0	0	0	0	0	0
Q91V08	0	0	0	0	0	0	0	0	0	0	0	0	0	0	0	0	0	0	0	1	0
Q91V12	0	0	0	0	0	0	0	0	0	0	0	0	0	0	0	0	1	0	0	0	0
Q91V36	0	0	0	0	0	1	0	0	0	0	0	0	0	0	0	0	0	0	0	0	0
Q91V41	0	0	0	0	0	0	0	1	0	0	0	0	0	0	0	0	0	0	0	0	0
Q91V61	0	0	0	0	0	0	0	1	0	0	0	0	0	0	0	0	0	0	0	0	0
Q91V64	0	1	0	0	0	0	0	0	0	0	0	0	0	0	0	0	0	0	0	0	0
Q91V76	0	0	0	0	0	0	0	0	0	1	0	0	0	0	0	0	0	0	0	0	0
Q91V92	1	0	0	0	0	0	0	0	0	0	0	0	0	0	0	0	0	0	0	0	0
Q91VA6	1	0	0	0	0	0	0	0	0	0	0	0	0	0	0	0	0	0	0	0	0
Q91VC3	0	0	0	1	0	0	0	0	0	0	0	0	0	0	0	0	0	0	0	0	0
Q91VC4	0	0	0	0	1	0	0	0	0	0	0	1	0	0	0	0	0	0	0	0	0
Q91VC7	0	0	1	0	0	0	0	0	0	0	0	0	0	0	0	0	0	0	0	0	0
Q91VC9	0	0	0	0	0	0	0	0	0	1	0	0	0	0	0	0	0	0	0	0	0
Q91VD9	0	0	0	0	0	0	0	0	0	0	0	0	1	0	0	0	0	0	0	0	0
Q91VE0	0	0	0	0	0	0	0	0	0	0	0	0	0	0	0	1	0	0	0	0	0
Q91VE6	0	0	0	0	0	0	0	0	0	0	0	0	0	1	0	0	0	0	0	0	0
Q91VH6	0	0	0	0	0	0	0	1	0	0	0	0	0	0	0	0	0	0	0	0	0
Q91VI7	0	0	0	0	0	0	0	0	0	0	0	0	0	1	0	0	0	0	0	0	0
Q91VJ2	0	0	0	0	0	0	0	0	0	0	0	0	0	0	0	0	0	0	0	0	1
Q91VK1	0	0	0	0	0	0	0	0	0	0	0	0	1	0	0	0	0	0	0	0	0
Q91VL8	0	0	0	0	0	0	0	0	0	0	0	0	0	0	0	0	0	1	0	0	0
Q91VM9	1	0	0	0	0	0	0	0	0	1	0	0	0	0	0	0	0	0	0	0	0
Q91VN6	0	0	0	0	0	0	0	0	0	0	0	0	0	0	0	0	0	0	0	1	0
Q91VR2	0	0	0	0	0	0	0	0	0	0	0	0	1	0	0	0	0	0	0	0	0
Q91VR5	0	0	0	0	0	0	0	1	0	0	0	0	0	0	0	0	0	0	0	0	0
Q91VR7	0	0	0	0	0	0	0	0	0	0	0	0	0	0	0	0	1	0	0	0	0
Q91VS7	0	0	0	0	0	0	0	0	0	0	1	0	0	0	0	0	0	0	0	0	0
Q91VS8	0	0	0	0	0	0	0	0	1	0	0	0	0	0	0	0	0	0	0	0	0
Q91VT4	1	0	0	0	0	0	0	0	0	0	0	0	0	0	0	0	0	0	0	0	0
Q91W34	0	0	0	0	0	0	0	0	1	0	0	0	0	1	0	0	0	0	0	0	0
Q91W39	0	0	0	0	0	0	0	0	0	0	0	0	0	0	0	0	0	0	1	0	0
Q91W52	0	0	0	0	0	0	0	0	0	1	0	0	0	0	0	0	0	0	0	0	0
Q91W59	0	0	0	0	0	0	0	0	0	0	0	0	0	0	1	0	0	0	0	0	0
Q91W92	0	0	0	0	1	0	0	0	0	0	0	0	0	0	0	0	0	0	0	0	0
Q91WD0	0	0	0	0	0	0	0	0	0	0	0	0	0	0	0	1	0	0	0	0	0
Q91WD1	0	0	0	0	0	0	0	0	0	0	0	0	0	0	0	0	1	0	0	0	0
Q91WD5	1	0	0	0	0	0	0	0	0	0	0	0	0	0	0	0	0	0	0	0	0
Q91WE4	0	1	0	0	0	0	0	0	0	0	0	0	0	0	0	0	0	0	0	0	1
Q91WE6	0	0	0	0	0	0	0	0	0	0	0	0	0	1	0	0	0	0	0	0	0
Q91WG0	0	0	0	0	0	0	0	0	0	1	0	0	0	0	0	0	0	0	0	0	0
Q91WG8	0	0	0	0	0	0	1	0	0	0	1	0	0	0	0	0	0	0	0	0	0
Q91WK0	0	0	0	0	0	0	0	0	0	0	0	0	0	0	1	0	0	0	0	0	0
Q91WK1	0	0	0	0	0	0	0	0	0	0	0	0	1	0	0	0	0	0	0	0	0
Q91WK5	0	0	0	0	0	0	0	0	0	0	0	0	0	1	0	0	0	0	0	0	0
Q91WL8	0	0	0	0	0	1	0	0	0	0	0	0	0	0	0	0	0	0	0	0	0
Q91WM1	0	0	0	0	0	0	0	0	0	0	0	0	0	0	0	0	0	0	0	1	0
Q91WM3	0	0	0	0	0	0	0	0	0	0	0	0	0	0	0	0	0	0	0	1	0
Q91WN1	0	0	0	1	0	0	0	0	0	0	0	0	0	0	0	0	0	0	0	0	0
Q91WQ3	0	0	0	0	0	0	0	0	1	0	0	0	0	0	0	0	0	0	0	0	0
Q91WR3	0	0	0	0	0	0	0	0	0	0	1	0	0	0	0	0	0	0	0	0	0
Q91WS0	1	0	0	0	0	0	0	0	0	0	0	0	0	0	0	0	0	0	0	0	0
Q91WT8	0	0	0	0	0	0	0	0	0	1	0	0	0	0	0	0	0	0	0	0	0
Q91WU5	0	0	0	0	0	0	0	0	0	1	0	0	0	0	0	0	0	0	0	0	0
Q91WZ8	0	0	0	0	0	0	0	0	0	0	0	0	0	0	1	0	0	0	0	0	0
Q91X21	0	0	0	0	0	0	0	0	0	0	0	0	0	0	0	0	0	0	1	0	0
Q91X43	0	0	1	0	0	0	0	0	0	0	0	0	0	0	0	0	0	0	0	0	0
Q91X78	0	0	0	0	0	0	0	0	0	0	0	0	0	0	0	0	0	0	1	0	0
Q91XC8	0	0	0	0	0	0	0	1	0	0	0	0	0	0	0	0	0	0	0	0	0
Q91XC9	1	0	0	0	0	0	0	0	0	0	0	0	0	0	0	0	0	0	0	0	0
Q91XD2	0	0	1	0	0	0	0	0	0	0	0	0	0	0	0	0	0	0	0	0	0
Q91XE4	0	0	0	0	0	0	0	0	0	1	0	0	0	0	0	0	0	0	0	0	0
Q91XF0	0	0	0	0	0	0	0	0	0	0	1	0	0	0	0	0	0	0	0	0	0
Q91XI1	0	0	0	0	0	0	0	0	0	0	0	0	0	0	0	0	0	0	1	0	0
Q91XU3	0	0	0	0	0	0	0	0	0	1	0	0	0	0	0	0	0	0	0	0	0
Q91Y97	0	0	0	0	0	0	0	0	0	1	1	0	0	0	0	0	0	0	0	0	0
Q91YD3	0	0	0	1	0	0	0	0	0	0	0	0	0	0	0	0	0	0	0	0	0
Q91YE7	0	0	0	0	0	0	0	0	0	0	0	0	0	0	0	0	0	1	0	0	0
Q91YE8	0	0	0	0	0	0	0	0	0	0	0	0	1	0	0	0	0	0	0	0	0
Q91YI0	0	0	0	0	0	0	0	0	0	0	1	0	0	0	0	0	0	0	0	0	0
Q91YI4	0	0	0	0	0	0	0	0	0	0	0	0	1	0	0	0	0	0	0	0	0
Q91YJ2	0	0	0	1	0	0	0	0	0	0	0	0	0	0	0	0	0	0	0	0	0
Q91YJ5	1	0	0	0	0	0	0	0	0	0	0	0	0	0	0	0	0	0	0	0	0
Q91YM2	0	0	0	0	0	0	0	0	0	0	0	0	0	0	0	0	1	0	0	0	0
Q91YM4	0	0	0	0	0	0	0	0	0	1	0	0	0	0	0	0	0	0	0	0	0
Q91YN0	0	0	0	0	0	0	0	0	0	1	0	0	0	0	0	0	0	0	0	0	0
Q91YN5	0	0	0	0	0	0	1	0	0	0	0	0	0	0	0	0	0	0	0	0	0
Q91YN9	0	0	1	0	0	0	0	0	0	0	0	0	0	0	0	0	0	0	0	0	0
Q91YP3	0	0	0	0	0	0	0	0	0	0	1	0	0	0	0	0	0	0	0	0	0
Q91YR1	0	0	0	0	0	0	0	0	0	1	0	0	0	0	0	0	0	0	0	0	0
Q91YT0	1	0	0	0	0	0	0	0	0	0	0	0	0	0	0	0	0	0	0	0	0
Q91YU8	0	0	0	0	0	0	0	0	0	0	0	0	0	0	0	0	0	0	0	1	0
Q91YW3	0	0	0	0	0	0	0	0	0	0	0	0	0	1	0	0	0	0	0	0	0
Q91YX5	0	0	0	0	0	0	0	0	0	0	1	0	0	0	0	0	0	0	0	0	0
Q91Z31	0	0	0	0	0	0	0	0	0	0	0	0	0	0	0	0	0	0	1	0	0
Q91Z67	0	0	0	0	0	1	0	0	0	0	0	0	0	0	0	0	0	0	0	0	0
Q91Z96	0	0	0	0	0	0	0	0	0	0	0	0	0	0	0	0	0	1	0	0	0
Q91ZA3	1	0	0	0	0	0	0	0	0	0	0	0	0	0	0	0	0	0	0	0	0
Q91ZE0	1	0	0	0	0	0	0	0	0	0	0	0	0	0	0	0	0	0	0	0	0
Q91ZF0	0	0	0	0	0	0	0	0	0	0	0	0	1	0	0	0	0	0	0	0	0
Q91ZI0	0	0	0	0	0	0	0	0	0	0	1	0	0	0	0	0	0	0	0	0	0
Q91ZJ5	0	0	0	0	0	0	0	0	0	0	0	0	1	0	0	0	0	0	0	0	0
Q91ZP3	1	0	0	0	0	0	0	0	0	0	0	0	0	0	0	0	0	0	0	0	1
Q91ZT5	0	0	0	0	0	0	0	0	0	0	0	0	0	0	0	1	0	0	0	0	0
Q91ZU6	0	0	0	0	0	0	0	0	0	0	0	0	0	0	0	0	1	0	0	0	0
Q920A5	0	0	0	0	0	0	0	0	0	0	0	0	0	0	1	0	0	0	0	0	0
Q920I9	0	0	0	0	0	1	0	0	0	0	0	0	0	0	0	0	0	0	0	0	0
Q920N2	0	0	0	0	0	0	0	0	0	0	0	0	0	0	0	0	1	0	0	0	0
Q920Q8	0	0	0	0	0	0	0	1	0	0	0	0	0	0	0	0	0	0	0	0	0
Q920R0	0	0	0	0	0	1	0	0	0	0	0	0	0	0	0	0	0	0	0	0	0
Q921E6	0	0	0	0	0	0	0	0	0	0	0	0	0	0	0	0	0	0	0	1	0
Q921G7	1	0	0	0	0	0	0	0	0	0	0	0	0	0	0	0	0	0	0	0	0
Q921I6	0	0	0	0	1	0	0	0	0	0	0	0	0	0	0	0	0	0	0	0	0
Q921K8	0	0	0	0	0	0	0	0	0	0	0	0	0	0	0	0	0	0	0	1	0
Q921L3	1	0	0	0	0	0	0	0	0	0	0	0	0	0	0	0	0	0	0	0	0
Q921L5	0	0	0	0	0	0	0	0	0	0	0	0	0	0	0	0	0	0	1	0	0
Q921N7	0	0	0	0	0	0	0	0	0	0	0	0	1	0	0	0	0	0	0	0	0
Q921Q3	0	0	0	0	0	0	0	0	1	0	0	0	0	0	0	0	0	0	0	0	0
Q921S7	1	0	0	0	0	0	0	0	0	0	0	0	0	0	0	0	0	0	0	0	0
Q921U8	0	0	1	0	0	0	0	0	0	0	0	0	0	0	0	0	0	0	0	0	0
Q921X6	0	0	0	0	0	0	0	0	0	0	0	0	0	0	0	0	0	0	1	0	0
Q921X9	0	0	0	0	0	0	0	0	0	0	1	0	0	0	0	0	0	0	0	0	0
Q921Y2	0	0	0	0	0	0	0	0	0	0	0	0	0	0	0	0	0	0	0	1	0
Q921Z5	0	0	1	0	0	0	0	0	0	0	0	0	0	0	0	0	0	0	0	0	0
Q922B9	0	0	0	0	0	0	0	0	0	0	0	0	0	0	1	0	0	0	0	0	0
Q922D8	0	0	0	0	0	0	0	0	0	0	1	0	0	0	0	0	0	0	0	0	0
Q922E4	0	0	0	0	0	0	0	0	0	0	1	0	0	0	0	0	0	0	0	0	0
Q922F4	0	0	1	0	0	0	0	0	0	0	0	0	0	0	0	0	0	0	0	0	0
Q922H2	0	0	0	0	0	0	0	0	0	1	0	0	0	0	0	0	0	0	0	0	0
Q922H4	0	0	0	0	0	0	0	0	1	0	0	0	0	0	0	0	0	0	0	0	0
Q922H9	0	0	0	0	0	0	0	0	1	0	0	0	0	0	0	0	0	0	0	0	0
Q922J3	0	0	0	0	0	0	0	0	0	0	0	0	0	0	1	0	0	0	0	0	0
Q922J9	0	0	0	0	0	0	0	0	0	1	0	0	0	0	0	0	0	0	0	0	0
Q922L6	0	0	0	0	0	0	0	0	0	0	0	0	0	0	0	0	0	0	1	0	0
Q922Q4	0	0	0	0	0	0	0	0	1	0	0	0	0	0	0	0	0	0	0	0	0
Q922Q8	0	0	0	0	0	0	0	0	1	0	0	0	0	1	0	0	0	0	0	0	0
Q922U1	0	0	0	0	0	0	0	0	0	0	0	0	0	0	0	0	0	0	0	1	0
Q922U2	0	0	0	0	0	0	0	0	0	0	0	0	0	0	1	0	0	0	0	0	0
Q922V4	0	0	0	0	0	0	0	0	0	1	0	0	0	0	0	0	0	0	0	0	0
Q922Y1	0	0	0	0	0	0	0	1	0	0	0	0	0	0	0	0	0	0	0	0	0
Q923B0	0	0	0	0	0	0	0	0	0	0	0	0	0	1	0	0	0	0	0	0	0
Q923B1	0	0	0	0	0	0	0	0	0	0	0	0	0	0	0	0	0	0	0	1	0
Q923B6	0	0	0	0	0	0	0	0	0	0	0	0	0	0	0	0	0	0	0	0	1
Q923G2	0	0	0	0	0	0	0	0	0	0	0	0	0	0	1	0	0	0	0	0	0
Q923T9	0	0	0	0	0	0	0	0	0	0	0	0	1	0	0	0	0	0	0	0	0
Q924D0	1	0	0	0	0	0	0	0	0	0	0	0	0	0	0	0	0	0	0	0	0
Q924K8	0	0	0	1	0	0	0	0	0	0	0	0	0	0	0	0	0	0	0	0	0
Q924L1	1	0	0	0	0	0	0	0	0	0	0	0	0	0	0	0	0	0	0	0	0
Q924M7	0	0	0	0	0	0	0	0	0	0	0	0	0	0	0	0	0	0	1	0	0
Q924N4	0	0	0	0	0	0	0	0	0	0	0	0	0	0	0	0	1	0	0	0	0
Q924W7	0	0	0	0	0	0	0	0	0	1	0	0	0	0	0	0	0	0	0	0	0
Q924X2	1	0	0	0	0	0	0	0	0	0	0	0	0	0	0	0	0	0	0	0	0
Q925B0	0	0	1	0	0	0	0	0	0	0	0	0	0	0	0	0	0	0	0	0	0
Q925E7	0	0	0	0	0	0	0	0	0	0	0	0	0	0	0	0	0	0	1	0	0
Q925I1	1	0	0	0	0	0	0	0	0	0	0	0	0	0	0	0	0	0	0	0	0
Q925N0	0	0	0	0	0	1	0	0	0	0	0	0	0	0	0	0	0	0	0	0	0
Q925N2	0	0	0	0	0	0	0	0	0	0	1	0	0	0	0	0	0	0	0	0	0
Q99020	0	0	0	1	0	0	0	0	0	0	0	0	0	0	0	0	0	0	0	0	0
Q99104	0	0	0	0	0	1	0	0	0	0	0	0	0	0	0	0	1	0	0	0	0
Q99J08	0	0	0	0	0	0	0	0	0	0	1	0	0	0	0	0	0	0	0	0	0
Q99J23	0	0	0	0	0	0	0	0	0	1	0	0	0	0	0	0	0	0	0	0	0
Q99J27	0	0	0	0	0	0	0	0	1	0	0	0	0	1	0	0	0	0	0	0	0
Q99J36	0	0	0	0	0	0	0	1	0	0	0	0	0	0	0	0	0	0	0	0	0
Q99J47	1	0	0	0	0	0	0	0	0	0	0	0	0	0	0	0	0	0	0	0	0
Q99J56	0	0	0	0	0	0	0	0	0	0	1	0	0	0	0	0	0	0	0	0	0
Q99J62	0	0	0	0	0	0	0	0	0	0	0	0	0	0	0	0	0	0	0	1	0
Q99J99	0	0	0	0	0	0	0	0	0	0	0	0	1	0	0	0	0	0	0	0	0
Q99JB2	0	0	0	0	0	0	0	0	0	0	0	0	0	0	1	0	0	0	0	0	0
Q99JB8	0	0	0	0	0	0	0	0	0	0	0	0	1	0	0	0	0	0	0	0	0
Q99JF8	0	0	0	0	0	0	0	0	0	0	0	0	0	0	0	0	0	0	1	0	0
Q99JP4	0	0	0	0	1	0	0	0	0	0	0	0	0	0	0	0	0	0	0	0	0
Q99JP6	0	0	0	0	0	1	0	0	0	0	0	0	0	0	0	0	0	0	0	0	0
Q99JR5	0	0	1	0	0	0	0	0	0	0	0	0	0	0	0	0	0	0	0	0	0
Q99JR6	1	0	0	0	0	0	0	0	0	0	0	0	0	0	0	0	0	0	0	0	0
Q99JR8	0	0	0	0	0	0	0	0	0	0	0	0	0	0	0	0	0	0	0	1	0
Q99JT1	1	0	0	0	0	0	0	0	0	0	0	0	0	0	0	0	0	0	0	0	0
Q99JW4	0	0	0	0	1	0	0	0	0	0	0	0	0	0	0	0	0	0	0	0	0
Q99JW5	0	0	0	0	0	0	1	0	0	0	0	0	0	0	0	1	0	0	0	0	0
Q99JX3	0	0	0	0	0	0	0	0	0	0	0	0	0	1	0	0	0	0	0	0	0
Q99JX7	0	0	0	0	0	0	0	1	0	0	0	0	0	0	0	0	0	0	0	0	0
Q99JY0	1	0	0	0	0	0	0	0	0	0	0	0	0	0	0	0	0	0	0	0	0
Q99K01	0	0	0	0	0	0	1	0	0	0	0	0	0	0	0	0	0	0	0	0	0
Q99K23	0	0	0	0	0	0	0	0	1	0	0	0	0	0	0	0	0	0	0	0	0
Q99K28	0	0	0	0	0	0	0	0	0	0	1	0	0	0	0	0	0	0	0	0	0
Q99K41	0	0	1	0	0	0	0	0	0	0	0	0	0	0	0	0	0	0	0	0	0
Q99K48	0	0	0	0	0	0	0	1	0	0	0	0	0	0	0	0	0	0	0	0	0
Q99K67	0	0	0	0	0	0	0	0	0	1	1	0	0	0	0	0	0	0	0	0	0
Q99K74	0	0	0	0	0	0	0	0	0	0	0	0	0	0	0	0	0	1	0	0	0
Q99K95	0	0	0	0	0	0	0	0	0	0	0	0	0	0	0	0	0	0	0	1	0
Q99KD5	0	0	1	0	0	0	0	0	0	0	0	0	0	0	0	0	0	0	0	0	0
Q99KG3	0	0	0	0	0	0	0	0	0	0	0	0	0	0	0	0	0	0	0	1	0
Q99KI0	1	0	0	0	0	0	0	0	0	0	0	0	0	0	0	0	0	0	0	0	0
Q99KI3	1	0	0	0	0	0	0	0	0	0	0	0	0	0	0	0	0	0	0	0	0
Q99KK2	0	0	0	0	0	0	1	0	0	0	0	0	0	0	0	0	0	0	0	0	0
Q99KK9	1	0	0	0	0	0	0	0	0	1	0	0	0	0	0	0	0	0	0	0	0
Q99KN1	0	0	0	0	0	0	0	0	0	0	0	0	0	0	0	0	0	0	0	1	0
Q99KN2	0	0	0	0	0	0	0	0	0	0	0	0	0	0	0	1	0	0	0	0	0
Q99KP3	0	0	0	0	0	0	0	0	0	1	0	0	0	0	0	0	0	0	0	0	0
Q99KP6	0	0	0	0	0	0	0	1	0	0	0	0	0	0	0	0	0	0	0	0	0
Q99KQ4	1	0	0	0	0	0	0	0	0	0	0	0	0	0	0	0	0	0	0	0	0
Q99KR3	0	0	0	0	0	0	0	0	0	1	0	0	0	0	0	0	0	0	0	0	0
Q99KR7	0	0	0	0	0	0	0	0	0	0	0	0	1	0	0	0	0	0	0	0	0
Q99KR8	0	0	0	0	0	0	1	0	0	0	0	0	0	0	0	0	0	0	0	0	0
Q99KV1	0	0	0	0	0	0	0	0	0	0	0	0	0	1	0	0	0	0	0	0	0
Q99KW9	0	0	0	0	0	1	0	0	0	0	0	0	0	0	0	0	0	0	0	0	0
Q99L13	1	0	0	0	0	0	0	0	0	0	0	0	0	0	0	0	0	0	0	0	0
Q99L27	0	0	0	0	0	0	0	0	0	0	0	0	0	0	0	0	1	0	0	0	0
Q99L45	0	0	0	0	0	0	0	0	1	0	0	0	0	0	0	0	0	0	0	0	0
Q99L47	0	0	0	0	0	0	0	0	0	0	0	0	0	0	0	0	0	0	0	0	1
Q99L48	0	0	0	0	0	0	0	0	0	0	0	0	0	0	0	0	0	0	1	0	0
Q99LB7	0	0	0	0	0	0	0	0	0	0	1	0	0	0	0	0	0	0	0	0	0
Q99LC2	0	0	0	0	0	0	0	0	0	1	0	0	0	0	0	0	0	0	0	0	0
Q99LC5	1	0	0	0	0	0	0	0	0	0	0	0	0	0	0	0	0	0	0	0	0
Q99LC8	0	0	0	0	0	0	0	0	1	0	0	0	0	0	0	0	0	0	0	0	0
Q99LC9	0	0	0	0	0	0	0	0	0	1	0	0	0	0	0	0	0	0	0	0	0
Q99LD8	0	0	0	0	0	0	0	1	0	0	0	0	0	0	0	0	0	0	0	0	0
Q99LE6	0	0	0	0	0	0	0	0	0	0	0	0	0	1	0	0	0	0	0	0	0
Q99LG0	0	0	0	0	0	0	0	0	0	0	0	0	0	1	0	0	0	0	0	0	0
Q99LG2	0	0	0	0	0	0	0	0	0	0	0	0	0	0	0	0	1	0	0	0	0
Q99LH1	0	0	0	0	0	0	0	0	0	0	0	0	0	0	0	0	0	0	0	1	0
Q99LI7	0	0	0	0	0	0	0	0	0	0	0	0	0	0	0	0	0	0	1	0	0
Q99LI8	0	0	1	0	0	0	0	0	0	0	0	0	0	0	0	0	0	0	0	0	0
Q99LJ0	0	0	0	0	0	0	0	0	0	0	0	1	0	0	0	0	0	0	0	0	0
Q99LJ6	0	0	0	0	0	0	0	0	0	0	0	0	0	0	1	0	0	0	0	0	0
Q99LL5	0	0	0	0	0	0	0	0	0	0	0	0	0	0	0	0	0	0	0	1	0
Q99LM2	0	0	0	0	0	0	0	0	1	0	0	0	0	0	0	0	0	0	0	0	0
Q99LN9	0	0	0	0	0	0	0	0	0	0	0	0	0	1	0	0	0	0	0	0	0
Q99LR1	0	0	0	0	0	0	0	0	0	0	0	0	0	0	0	0	1	0	0	0	0
Q99LX0	0	0	0	0	0	0	0	1	0	0	0	0	0	0	0	0	0	0	0	0	0
Q99LY9	0	0	0	0	0	0	0	0	0	0	0	0	1	0	0	0	0	0	0	0	0
Q99M01	1	0	0	0	0	0	0	0	0	0	0	0	0	0	0	0	0	0	0	0	0
Q99M04	0	0	0	0	0	0	0	0	0	1	0	0	0	0	0	0	0	0	0	0	0
Q99M31	0	0	0	0	0	0	0	0	0	0	0	0	0	0	0	0	0	0	1	0	0
Q99M87	1	0	0	0	0	0	0	0	0	0	0	0	0	0	0	0	0	0	0	0	0
Q99MB7	0	0	0	0	0	1	0	0	0	0	0	0	0	0	0	0	0	0	0	0	0
Q99MD6	0	0	0	0	0	0	0	0	0	0	0	0	0	0	0	0	0	0	1	0	0
Q99MD9	0	0	0	0	0	0	0	0	0	0	0	0	0	0	0	0	0	0	1	0	0
Q99ME2	0	0	0	0	0	0	0	0	0	0	0	0	0	0	0	0	0	0	0	1	0
Q99MI1	0	0	0	0	0	1	0	0	0	0	0	0	0	0	0	0	0	0	0	0	0
Q99MN9	1	0	0	0	0	0	0	0	0	0	0	0	0	0	0	0	0	0	0	0	0
Q99MP8	0	0	0	0	0	0	0	0	0	0	0	0	0	0	0	0	0	0	1	0	0
Q99MQ4	0	0	0	0	0	0	0	0	0	0	0	0	0	0	1	0	0	0	0	0	0
Q99MU3	0	0	0	0	0	0	0	0	0	0	0	0	0	0	0	0	0	0	0	1	0
Q99MV1	0	0	0	0	0	0	0	0	0	0	0	0	0	0	0	0	0	0	1	0	0
Q99MZ7	0	0	0	0	0	0	0	0	0	1	0	0	0	0	0	0	0	0	0	0	0
Q99N28	0	0	0	0	0	1	0	0	0	0	0	0	0	0	0	0	0	0	0	0	0
Q99N85	0	0	0	0	0	0	0	0	0	1	0	0	0	0	0	0	0	0	0	0	0
Q99N87	1	0	0	0	0	0	0	0	0	0	0	0	0	0	0	0	0	0	0	0	0
Q99N89	1	0	0	0	0	0	0	0	0	0	0	0	0	0	0	0	0	0	0	0	0
Q99N92	1	0	0	0	0	0	0	0	0	0	0	0	0	0	0	0	0	0	0	0	0
Q99N93	1	0	0	0	0	0	0	0	0	0	0	0	0	0	0	0	0	0	0	0	0
Q99N94	1	0	0	0	0	0	0	0	0	0	0	0	0	0	0	0	0	0	0	0	0
Q99N95	1	0	0	0	0	0	0	0	0	0	0	0	0	0	0	0	0	0	0	0	0
Q99N96	0	0	0	0	0	0	0	0	0	1	0	0	0	0	0	0	0	0	0	0	0
Q99NB1	1	0	0	0	0	0	0	0	0	0	0	0	0	0	0	0	0	0	0	0	0
Q99NB8	0	0	0	0	0	0	0	0	0	0	0	0	0	0	0	0	0	0	1	0	0
Q99P30	0	0	0	0	0	0	0	0	0	0	1	0	0	0	0	0	0	0	0	0	0
Q99P31	0	0	0	0	0	0	0	0	0	0	0	0	0	0	0	0	0	0	1	0	0
Q99P58	0	0	1	0	0	0	0	0	0	0	0	0	0	0	0	0	0	0	0	0	0
Q99PP7	0	0	0	0	0	0	0	0	0	0	0	0	0	0	0	0	0	0	0	1	0
Q99PP9	0	0	0	0	0	0	0	0	0	0	0	1	0	0	0	0	0	0	0	0	0
Q99PU8	0	0	0	0	0	0	0	0	0	0	0	0	0	0	0	0	0	0	1	0	0
Q9BCZ4	0	0	0	0	0	0	0	0	1	0	0	0	0	0	0	0	0	0	0	0	0
Q9CPP6	0	0	0	0	0	0	0	0	0	0	0	0	1	0	0	0	0	0	0	0	0
Q9CPQ1	0	0	0	0	0	0	0	0	0	0	0	0	1	0	0	0	0	0	0	0	0
Q9CPQ3	0	1	0	0	0	0	0	0	0	0	0	0	0	0	0	0	0	0	0	0	0
Q9CPQ8	0	0	0	0	0	0	0	0	0	0	0	0	1	0	0	0	0	0	0	0	0
Q9CPR4	0	0	0	0	0	0	0	0	1	0	0	0	0	0	0	0	0	0	0	0	0
Q9CPR5	1	0	0	0	0	0	0	0	0	0	0	0	0	0	0	0	0	0	0	0	0
Q9CPR8	0	0	0	0	0	0	0	0	0	0	0	0	0	0	0	0	0	0	1	0	0
Q9CPS6	0	0	0	0	0	0	0	1	0	0	0	0	0	0	0	0	0	0	0	0	0
Q9CPT3	0	0	0	0	0	0	0	0	1	0	0	0	0	0	0	0	0	0	0	0	0
Q9CPT4	0	0	0	0	0	0	0	0	1	0	0	0	0	0	0	0	0	0	0	0	0
Q9CPU0	0	0	0	0	0	0	0	0	0	0	0	0	1	0	0	0	0	0	0	0	0
Q9CPU2	0	0	0	0	0	0	0	0	0	0	0	0	1	0	0	0	0	0	0	0	0
Q9CPU4	1	0	0	0	0	0	0	0	0	0	0	0	0	0	0	0	0	0	0	0	0
Q9CPV4	0	0	0	0	0	0	0	0	0	0	0	0	0	0	0	0	1	0	0	0	0
Q9CPW2	1	0	0	0	0	0	0	0	0	0	0	0	0	0	0	0	0	0	0	0	0
Q9CPW4	0	0	0	0	0	0	0	0	0	0	0	0	0	0	0	0	0	1	0	0	0
Q9CPY7	0	0	0	0	0	0	0	0	0	0	1	0	0	0	0	0	0	0	0	0	0
Q9CPZ8	1	0	0	0	0	0	0	0	0	0	0	0	0	0	0	0	0	0	0	0	0
Q9CQ00	1	0	0	0	0	0	0	0	0	0	0	0	0	0	0	0	0	0	0	0	0
Q9CQ02	0	0	0	0	0	0	0	0	0	0	1	0	0	0	0	0	0	0	0	0	0
Q9CQ06	1	0	0	0	0	0	0	0	0	0	0	0	0	0	0	0	0	0	0	0	0
Q9CQ19	0	0	1	0	0	0	0	0	0	0	0	0	0	0	0	0	0	0	0	0	0
Q9CQ40	1	0	0	0	0	0	0	0	0	0	0	0	0	0	0	0	0	0	0	0	0
Q9CQ54	1	0	0	0	0	0	0	0	0	0	0	0	0	0	0	0	0	0	0	0	0
Q9CQ56	0	0	0	0	0	0	0	0	0	0	0	0	0	1	0	0	0	0	0	0	0
Q9CQ62	1	0	0	0	0	0	0	0	0	0	0	0	0	0	0	0	0	0	0	0	0
Q9CQ69	0	0	0	0	0	0	0	0	0	0	0	0	1	0	0	0	0	0	0	0	0
Q9CQ71	0	0	0	1	0	0	0	0	0	0	0	0	0	0	0	0	0	0	0	0	0
Q9CQ75	0	0	0	0	0	0	0	0	0	0	0	0	1	0	0	0	0	0	0	0	0
Q9CQ79	0	0	0	0	0	0	0	0	0	0	0	0	0	0	0	0	1	0	0	0	0
Q9CQ86	0	0	0	0	0	0	0	0	0	0	0	0	0	0	0	0	0	0	1	0	0
Q9CQ89	0	0	0	0	0	0	0	0	0	0	0	0	0	0	1	0	0	0	0	0	0
Q9CQ91	0	0	0	0	0	0	0	0	0	0	0	0	1	0	0	0	0	0	0	0	0
Q9CQ92	0	0	0	0	0	0	0	0	0	0	0	0	1	0	0	0	0	0	0	0	0
Q9CQA1	0	0	0	0	0	0	0	0	0	1	0	0	0	0	0	0	0	0	0	0	0
Q9CQA3	0	0	0	0	0	0	0	0	0	0	0	0	1	0	0	0	0	0	0	0	0
Q9CQC8	0	0	0	0	0	0	0	0	0	0	0	0	0	0	0	0	0	1	0	0	0
Q9CQC9	0	0	0	0	0	0	0	0	0	0	0	0	1	0	0	0	0	0	0	0	0
Q9CQD1	0	0	0	0	0	1	0	0	0	0	0	0	0	0	0	0	0	0	0	0	0
Q9CQD4	0	0	0	0	0	0	0	0	0	0	1	0	0	0	0	0	1	0	0	0	0
Q9CQE1	0	0	0	0	0	0	0	0	0	0	1	0	0	0	0	0	0	0	0	0	0
Q9CQE2	0	0	0	0	0	0	0	1	0	0	0	0	0	0	0	0	0	0	0	0	0
Q9CQE3	1	0	0	0	0	0	0	0	0	0	0	0	0	0	0	0	0	0	0	0	0
Q9CQE5	0	0	0	0	0	0	0	0	0	0	0	0	0	0	0	0	0	1	0	0	0
Q9CQE7	0	0	0	0	0	0	0	0	1	0	0	0	0	0	0	0	0	0	0	0	0
Q9CQE8	0	0	0	0	0	0	0	1	0	0	0	0	0	0	0	0	0	0	0	0	0
Q9CQF0	1	0	0	0	0	0	0	0	0	0	0	0	0	0	0	0	0	0	0	0	0
Q9CQF4	1	0	0	0	0	0	0	0	0	0	0	0	0	0	0	0	0	0	0	0	0
Q9CQF8	0	0	0	0	0	0	0	0	0	0	0	0	1	0	0	0	0	0	0	0	0
Q9CQH3	1	0	0	0	0	0	0	0	0	0	0	0	0	0	0	0	0	0	0	0	0
Q9CQI6	0	0	0	0	0	0	0	1	0	0	0	0	0	0	0	0	0	0	0	0	0
Q9CQI7	0	0	0	0	0	0	0	0	0	1	0	0	0	0	0	0	0	0	0	0	0
Q9CQJ6	0	0	0	0	0	0	0	0	0	0	0	0	0	1	0	0	0	0	0	0	0
Q9CQJ8	0	0	0	0	0	0	0	0	0	0	0	0	1	0	0	0	0	0	0	0	0
Q9CQL1	0	0	0	0	0	0	0	0	0	0	0	0	0	0	0	0	0	1	0	0	0
Q9CQN1	1	0	0	0	0	0	0	0	0	0	0	0	0	0	0	0	0	0	0	0	0
Q9CQN3	0	0	0	0	0	0	0	0	0	0	0	0	0	0	1	0	0	0	0	0	0
Q9CQN6	0	1	0	0	0	0	0	0	0	0	0	0	0	0	0	0	0	0	0	0	0
Q9CQN7	1	0	0	0	0	0	0	0	0	0	0	0	0	0	0	0	0	0	0	0	0
Q9CQP2	0	0	0	0	0	0	0	0	0	0	0	0	1	0	0	0	0	0	0	0	0
Q9CQQ7	0	0	0	0	0	0	0	0	0	0	0	0	1	0	0	0	0	0	0	0	0
Q9CQQ8	0	0	0	0	0	0	0	0	0	0	0	0	1	0	0	0	0	0	0	0	0
Q9CQR4	1	0	0	0	0	0	0	0	0	0	0	0	1	0	0	0	0	0	0	0	0
Q9CQS2	0	0	0	0	0	0	0	0	0	0	0	0	0	1	0	0	0	0	0	0	0
Q9CQS4	0	0	0	0	0	1	0	0	0	0	0	0	0	0	0	0	0	0	0	0	0
Q9CQT7	0	0	0	0	0	0	0	0	0	0	0	0	0	0	0	0	1	0	0	0	0
Q9CQU5	0	0	0	0	0	0	0	0	0	0	0	0	0	0	0	0	1	0	0	0	0
Q9CQV6	0	0	0	0	0	0	0	0	0	0	0	0	1	0	0	0	0	0	0	0	0
Q9CQV8	0	1	0	0	0	0	0	0	0	0	0	0	0	0	0	0	0	0	0	0	0
Q9CQW1	0	0	0	0	0	0	0	1	0	0	0	0	0	0	0	0	0	0	0	0	0
Q9CQX8	1	0	0	0	0	0	0	0	0	0	0	0	0	0	0	0	0	0	0	0	0
Q9CQY1	0	0	0	0	0	0	0	0	0	0	1	0	0	0	0	0	0	0	0	0	0
Q9CQY6	0	0	0	0	0	0	0	1	0	0	0	0	0	0	0	0	0	0	0	0	0
Q9CQZ1	0	0	0	0	0	0	0	1	0	0	0	0	0	0	0	0	0	0	0	0	0
Q9CQZ6	0	0	0	0	0	0	0	1	0	0	0	0	1	0	0	0	0	0	0	0	0
Q9CR00	0	0	0	0	0	0	0	0	0	0	0	0	0	0	1	0	0	0	0	0	0
Q9CR13	1	0	0	0	0	0	0	0	0	0	0	0	0	0	0	0	0	0	0	0	0
Q9CR21	0	0	0	0	0	0	0	0	0	0	0	0	1	0	0	0	0	0	0	0	0
Q9CR24	1	0	0	0	0	0	0	0	0	0	0	0	0	0	0	0	0	0	0	0	0
Q9CR26	0	0	0	0	0	0	0	0	0	0	0	0	0	0	0	0	1	0	0	0	0
Q9CR27	0	0	0	0	0	0	0	1	0	0	0	0	0	0	0	0	0	0	0	0	0
Q9CR39	0	0	0	0	0	0	0	0	0	0	0	0	0	0	0	0	0	0	0	0	1
Q9CR51	0	0	0	0	0	0	0	0	0	0	0	0	0	0	1	0	0	0	0	0	0
Q9CR56	0	0	0	0	1	0	0	0	0	0	0	0	0	0	0	0	0	0	0	0	0
Q9CR57	0	0	0	0	0	0	0	0	1	0	0	0	0	0	0	0	0	0	0	0	0
Q9CR59	1	0	0	0	0	0	0	0	0	0	0	0	0	0	0	0	0	0	0	0	0
Q9CR60	0	0	0	0	0	0	0	0	0	0	0	1	0	0	0	0	0	0	0	0	0
Q9CR61	1	0	0	0	0	0	0	0	0	0	0	0	0	0	0	0	0	0	0	0	0
Q9CR62	1	0	0	0	0	0	0	0	0	0	0	0	0	0	0	0	0	0	0	0	0
Q9CR64	0	0	0	0	0	0	0	0	0	1	0	0	0	0	0	0	0	0	0	0	0
Q9CR76	1	0	0	0	0	0	0	0	0	0	0	0	0	0	0	0	0	0	0	0	0
Q9CR84	0	0	0	0	0	0	0	0	0	0	0	0	1	0	0	0	0	0	0	0	0
Q9CR86	0	0	0	0	0	0	0	1	0	0	0	0	0	0	0	0	0	0	0	0	0
Q9CR89	0	0	0	0	0	0	0	0	0	0	0	0	0	1	0	0	0	0	0	0	0
Q9CR95	0	0	0	0	0	1	0	0	0	0	0	0	0	0	0	0	0	0	0	0	0
Q9CR98	0	0	0	0	0	0	0	0	0	0	1	0	0	0	0	0	0	0	0	0	0
Q9CRA9	0	0	0	1	0	0	0	0	0	0	0	0	0	0	0	0	0	0	0	0	0
Q9CRB0	0	0	0	0	0	1	0	0	0	0	0	0	0	0	0	0	0	0	0	0	0
Q9CRB2	0	0	0	0	0	0	0	0	0	0	0	0	0	1	0	0	0	0	0	0	0
Q9CRB3	0	0	0	0	0	0	0	0	0	0	1	0	0	0	0	0	0	0	0	0	0
Q9CRB8	1	0	0	0	0	0	0	0	0	0	0	0	0	0	0	0	0	0	0	0	0
Q9CRB9	0	0	0	0	0	0	0	0	0	0	0	0	1	0	0	0	0	0	0	0	0
Q9CRC3	0	0	0	0	0	0	0	0	1	0	0	0	0	0	0	0	0	0	0	0	0
Q9CRT8	0	0	0	0	0	0	0	0	1	0	0	0	0	0	0	0	0	0	0	0	0
Q9CS00	0	0	0	0	0	0	0	0	0	0	0	0	0	0	0	0	0	0	0	1	0
Q9CSH3	0	0	0	0	0	0	0	0	0	0	0	0	0	0	0	0	0	0	0	1	0
Q9CSN1	0	0	0	0	0	0	0	0	0	0	0	0	0	0	0	0	0	0	0	1	0
Q9CVD2	0	0	0	0	0	0	0	0	0	0	0	0	0	0	0	0	0	0	1	0	0
Q9CWD8	0	0	0	0	0	0	0	0	0	1	0	0	0	0	0	0	0	0	0	0	0
Q9CWE0	1	0	0	0	0	0	0	0	0	0	0	0	0	0	0	0	0	0	0	0	0
Q9CWF2	0	0	0	0	0	0	0	0	0	1	0	0	0	0	0	0	0	0	0	0	0
Q9CWG9	0	0	0	1	0	0	0	0	0	0	0	0	0	0	0	0	0	0	0	0	0
Q9CWI3	0	0	0	0	0	0	0	0	1	0	0	0	0	0	0	0	0	0	0	0	0
Q9CWK8	0	0	0	0	0	0	0	0	0	0	0	0	0	0	1	0	0	0	0	0	0
Q9CWP6	0	0	0	0	1	0	0	0	0	0	0	0	0	0	0	0	0	0	0	0	0
Q9CWS0	0	0	0	0	0	0	0	0	0	1	0	0	0	0	0	0	0	0	0	0	0
Q9CWS4	0	0	0	0	0	0	0	0	0	0	0	0	0	0	0	0	0	1	0	0	0
Q9CWU6	0	0	0	0	0	1	0	0	0	0	0	0	0	0	0	0	0	0	0	0	0
Q9CWV6	0	0	0	0	0	0	0	1	0	0	0	0	0	0	0	0	0	0	0	0	0
Q9CWW6	0	0	0	0	0	0	0	0	1	0	0	0	0	0	0	0	0	0	0	0	0
Q9CWX9	0	0	0	0	0	0	0	0	0	0	0	0	0	0	0	0	0	0	0	1	0
Q9CWZ7	0	0	0	0	0	0	0	0	0	0	0	0	0	0	0	0	1	0	0	0	0
Q9CX13	0	0	0	0	0	0	0	0	0	0	0	0	0	0	0	1	0	0	0	0	0
Q9CX30	0	0	0	0	0	0	0	0	1	0	0	0	0	0	0	0	0	0	0	0	0
Q9CX56	0	0	0	0	0	0	0	0	0	0	0	0	1	0	0	0	0	0	0	0	0
Q9CXA2	0	0	0	0	0	0	0	0	0	0	0	0	0	0	0	0	0	0	0	0	1
Q9CXD6	1	0	0	0	0	0	0	0	0	1	0	0	0	0	0	0	0	0	0	0	0
Q9CXE7	0	0	0	0	0	0	0	0	0	0	1	0	0	0	0	0	0	0	0	0	0
Q9CXG3	0	0	0	0	0	0	0	0	0	0	0	0	0	0	0	0	0	1	0	0	0
Q9CXI0	1	0	0	0	0	0	0	0	0	0	0	0	0	0	0	0	0	0	0	0	0
Q9CXI5	0	0	0	0	0	0	0	0	1	0	0	0	0	0	0	0	0	0	0	0	0
Q9CXJ4	1	0	0	0	0	0	0	0	0	0	0	0	0	0	0	0	0	0	0	0	0
Q9CXP8	0	1	0	0	0	0	0	0	0	0	0	0	0	0	0	0	0	0	0	0	0
Q9CXR1	0	0	0	0	0	0	0	0	0	0	0	0	0	0	0	0	0	0	0	0	1
Q9CXT8	0	0	0	0	0	0	0	0	0	0	0	0	1	0	0	0	0	0	0	0	0
Q9CXV1	1	0	0	0	0	0	0	0	0	0	0	0	0	0	0	0	0	0	0	0	0
Q9CXV9	0	0	0	0	0	0	0	0	0	0	0	0	0	0	0	0	0	0	0	1	0
Q9CXW2	1	0	0	0	0	0	0	0	0	0	0	0	0	0	0	0	0	0	0	0	0
Q9CXY9	0	0	0	0	0	0	0	0	0	0	0	0	0	0	0	0	0	0	1	0	0
Q9CXZ1	0	0	0	0	0	0	0	0	0	0	0	0	1	0	0	0	0	0	0	0	0
Q9CY18	0	0	0	0	0	0	0	0	0	1	0	0	0	0	0	0	0	0	0	0	0
Q9CY28	0	0	0	0	0	0	0	0	0	0	0	0	0	0	0	0	0	0	0	0	1
Q9CY34	0	0	0	0	0	0	0	0	1	0	0	0	0	1	0	0	0	0	0	0	0
Q9CY45	0	0	0	0	0	0	0	0	0	0	0	0	0	0	0	0	0	0	0	1	0
Q9CY50	0	0	0	0	0	0	0	0	0	0	0	0	0	1	0	0	0	0	0	0	0
Q9CY57	0	0	0	0	0	0	0	0	0	0	0	0	0	0	0	0	0	0	0	1	0
Q9CY73	1	0	0	0	0	0	0	0	0	0	0	0	0	0	0	0	0	0	0	0	0
Q9CYD3	0	0	0	0	0	0	0	0	0	0	0	0	0	0	1	0	0	0	0	0	0
Q9CYG7	0	0	0	0	0	0	0	0	0	0	0	0	0	0	0	0	0	0	1	0	0
Q9CYI0	0	0	0	0	0	0	0	0	1	0	0	0	0	0	0	0	0	0	0	0	0
Q9CYK1	1	0	0	0	0	0	0	0	0	0	0	0	0	0	0	0	0	0	0	0	0
Q9CYL5	0	0	1	0	0	0	0	0	0	0	0	0	0	0	0	0	0	0	0	0	0
Q9CYN2	0	0	0	0	0	0	0	0	1	0	0	0	0	0	0	0	0	0	0	0	0
Q9CYN9	0	0	0	0	0	0	0	0	0	0	0	0	0	0	0	0	1	0	0	0	0
Q9CYR0	0	0	0	0	0	0	0	0	0	0	0	0	0	0	1	0	0	0	0	0	0
Q9CYR6	0	0	0	0	0	0	0	1	0	0	0	0	0	0	0	0	0	0	0	0	0
Q9CYT6	0	0	0	0	0	0	0	0	0	0	0	0	1	0	0	0	0	0	0	0	0
Q9CYV5	0	0	0	0	0	0	0	0	0	0	1	0	0	0	0	0	0	0	0	0	0
Q9CYW4	0	0	0	0	0	0	0	0	0	0	1	0	0	0	0	0	0	0	0	0	0
Q9CYX7	0	0	0	0	0	0	0	0	1	0	0	0	0	0	0	0	0	0	0	0	0
Q9CZ13	1	0	0	0	0	0	0	0	0	0	0	0	0	0	0	0	0	0	0	0	0
Q9CZ44	0	0	0	0	0	0	0	0	0	0	0	0	0	0	1	0	0	0	0	0	0
Q9CZ83	1	0	0	0	0	0	0	0	0	0	0	0	1	0	0	0	0	0	0	0	0
Q9CZA6	0	0	0	0	0	0	0	0	0	0	0	0	0	0	0	0	1	0	0	0	0
Q9CZD5	0	0	0	0	0	0	0	0	0	1	0	0	0	0	0	0	0	0	0	0	0
Q9CZG3	0	0	0	0	0	0	0	0	0	1	0	0	0	0	0	0	0	0	0	0	0
Q9CZH3	0	0	0	0	0	0	0	0	0	0	0	0	0	0	0	0	0	0	0	1	0
Q9CZH7	0	0	0	0	0	0	0	1	0	0	0	0	0	0	0	0	0	0	0	0	0
Q9CZN7	0	0	0	0	0	0	0	0	0	1	0	0	0	0	0	0	0	0	0	0	0
Q9CZN8	1	0	0	0	0	0	0	0	0	0	0	0	0	0	0	0	0	0	0	0	0
Q9CZP5	1	0	0	0	0	0	0	0	0	0	0	0	0	0	0	0	0	0	0	0	0
Q9CZR3	0	0	0	0	0	1	0	0	0	0	0	0	0	0	0	0	0	0	0	0	0
Q9CZR8	1	0	0	0	0	0	0	0	0	0	0	0	0	0	0	0	0	0	0	0	0
Q9CZU6	1	0	0	0	0	0	0	0	0	0	0	0	0	0	0	0	0	0	0	0	0
Q9CZX7	0	0	0	0	0	0	0	0	1	0	0	0	0	0	0	0	0	0	0	0	0
Q9CZY3	0	0	0	0	0	0	0	0	0	0	0	0	1	0	0	0	0	0	0	0	0
Q9D009	1	0	0	0	0	0	0	0	0	0	0	0	0	0	0	0	0	0	0	0	0
Q9D020	0	0	0	0	0	0	0	0	0	0	0	0	1	0	0	0	0	0	0	0	0
Q9D023	1	0	0	0	0	0	0	0	0	0	0	0	0	0	0	0	0	0	0	0	0
Q9D051	1	0	0	0	0	0	0	0	0	0	0	0	0	0	0	0	0	0	0	0	0
Q9D061	0	0	0	0	0	1	0	0	0	0	0	0	0	0	0	0	0	0	0	0	0
Q9D071	0	0	0	0	0	0	0	0	0	0	0	0	0	0	0	0	0	0	0	1	0
Q9D0D5	0	0	0	0	0	0	0	0	0	0	0	0	0	0	0	0	0	0	1	0	0
Q9D0F3	0	0	0	0	0	0	0	1	0	0	0	0	0	0	0	0	0	0	0	0	0
Q9D0F9	0	0	0	0	0	0	0	0	0	0	0	0	1	0	0	0	0	0	0	0	0
Q9D0G0	1	0	0	0	0	0	0	0	0	1	0	0	0	0	0	0	0	0	0	0	0
Q9D0I6	0	0	1	0	0	0	0	0	0	0	0	0	0	0	0	0	0	0	0	0	0
Q9D0I8	0	0	0	0	0	0	0	0	0	0	0	0	0	0	0	0	0	0	1	0	0
Q9D0L4	0	0	0	0	0	0	0	0	0	1	0	0	0	0	0	0	0	0	0	0	0
Q9D0L8	0	0	0	0	0	1	0	0	0	0	0	0	0	0	0	0	0	0	0	0	0
Q9D0M1	0	0	0	0	0	0	0	1	0	0	0	0	0	0	0	0	0	0	0	0	0
Q9D0M3	1	0	0	0	0	0	0	0	0	0	0	0	0	0	0	0	0	0	0	0	0
Q9D0M5	0	0	0	0	0	0	0	1	0	0	0	0	0	0	0	0	0	0	0	0	0
Q9D0Q7	1	0	0	0	0	0	0	0	0	0	0	0	0	0	0	0	0	0	0	0	0
Q9D0R4	0	0	0	0	0	0	0	0	0	0	0	0	0	0	0	0	0	0	0	1	0
Q9D0R8	0	0	0	0	0	0	0	1	0	0	0	0	0	0	0	0	0	0	0	0	0
Q9D115	0	0	0	0	0	0	0	0	1	0	0	0	0	0	0	0	0	0	0	0	0
Q9D125	1	0	0	0	0	0	0	0	0	0	0	0	0	0	0	0	0	0	0	0	0
Q9D136	0	0	0	0	0	0	0	0	0	1	0	0	0	0	0	0	0	0	0	0	0
Q9D172	1	0	0	0	0	0	0	0	0	0	0	0	0	0	0	0	0	0	0	0	0
Q9D187	0	0	0	0	0	0	0	0	0	1	0	0	0	0	0	0	0	0	0	0	0
Q9D1A2	0	0	0	0	0	0	0	0	0	0	0	0	0	0	1	0	0	0	0	0	0
Q9D1B9	1	0	0	0	0	0	0	0	0	0	0	0	0	0	0	0	0	0	0	0	0
Q9D1C8	0	0	0	0	0	0	0	0	0	0	0	0	1	0	0	0	0	0	0	0	0
Q9D1D4	0	0	0	0	0	0	0	0	0	0	0	0	0	1	0	0	0	0	0	0	0
Q9D1E8	0	0	0	0	0	0	0	0	0	0	0	0	0	0	0	0	1	0	0	0	0
Q9D1F4	0	0	0	0	0	0	0	0	1	0	0	0	0	0	0	0	0	0	0	0	0
Q9D1G1	1	0	0	0	0	0	0	0	0	0	0	0	0	0	0	0	0	0	0	0	0
Q9D1H6	1	0	0	0	0	0	0	0	0	0	0	0	0	0	0	0	0	0	0	0	0
Q9D1H9	0	0	0	0	1	0	0	0	0	0	0	0	0	0	0	0	0	0	0	0	0
Q9D1I2	1	0	0	0	0	0	0	0	0	0	0	0	0	0	0	0	0	0	0	0	0
Q9D1I6	1	0	0	0	0	0	0	0	0	0	0	0	0	0	0	0	0	0	0	0	0
Q9D1K2	0	0	0	1	0	0	0	0	0	0	0	0	0	0	0	0	0	0	0	0	0
Q9D1K7	0	0	0	0	0	0	0	0	0	0	0	0	0	0	0	0	0	0	1	0	0
Q9D1L9	0	0	0	1	0	0	0	0	0	0	0	0	0	0	0	0	0	0	0	0	0
Q9D1M0	0	0	0	0	0	0	0	0	0	0	0	0	0	1	0	0	0	0	0	0	0
Q9D1M7	0	0	0	0	0	0	0	0	1	0	0	0	0	1	0	0	0	0	0	0	0
Q9D1P0	1	0	0	0	0	0	0	0	0	0	0	0	0	0	0	0	0	0	0	0	0
Q9D1Q4	0	0	0	0	0	0	0	0	0	1	0	0	0	0	0	0	0	0	0	0	0
Q9D1R2	0	0	0	0	0	0	0	0	0	0	0	0	0	1	0	0	0	0	0	0	0
Q9D1R9	0	0	0	0	0	0	0	0	1	0	0	0	0	0	0	0	0	0	0	0	0
Q9D1X0	1	0	0	0	0	0	0	0	0	0	0	0	0	0	0	0	0	0	0	0	0
Q9D211	0	0	0	1	0	0	0	0	0	0	0	0	0	0	0	0	0	0	0	0	0
Q9D273	1	0	0	0	0	0	0	0	0	0	0	0	0	0	0	0	0	0	0	0	0
Q9D287	0	0	0	1	0	0	0	0	0	0	0	0	0	0	0	0	0	0	0	0	0
Q9D2G2	1	0	0	0	0	0	0	0	0	0	0	0	0	0	0	0	0	0	0	0	0
Q9D2N4	0	0	0	0	0	0	0	0	0	0	0	0	1	0	0	0	0	0	0	0	0
Q9D2R8	0	0	0	0	0	0	0	0	0	1	0	0	0	0	0	0	0	0	0	0	0
Q9D2V7	0	0	0	1	0	0	0	0	0	0	0	0	0	0	0	0	0	0	0	0	0
Q9D2Z4	0	0	0	0	0	0	0	0	0	0	0	0	0	0	0	0	1	0	0	0	0
Q9D358	0	0	0	0	0	0	0	0	0	0	0	0	1	0	0	0	0	0	0	0	0
Q9D394	0	0	0	0	0	0	0	0	0	0	0	0	0	0	0	0	1	0	0	0	0
Q9D3B1	0	0	0	0	0	0	0	0	0	0	0	0	0	0	0	0	0	0	0	0	1
Q9D3S3	0	0	0	0	0	0	0	0	0	0	0	0	0	0	0	0	0	0	0	1	0
Q9D483	0	0	0	0	0	0	0	0	0	0	0	0	0	0	0	0	0	0	0	1	0
Q9D4H2	0	0	0	0	0	0	1	0	0	0	0	0	0	0	0	0	0	0	0	0	0
Q9D4J1	0	0	0	0	0	0	0	0	0	0	0	0	0	0	0	0	0	0	1	0	0
Q9D4J7	0	0	0	0	0	0	0	1	0	0	0	0	0	0	0	0	0	0	0	1	0
Q9D517	1	0	0	0	0	0	0	0	0	0	0	0	0	0	0	0	0	0	0	0	0
Q9D554	0	0	0	0	0	0	0	0	0	0	0	0	0	0	0	0	0	1	0	0	0
Q9D5J6	0	0	0	0	0	0	0	0	0	0	1	0	0	0	0	0	0	0	0	0	0
Q9D5V5	0	0	0	0	0	0	0	0	0	0	0	0	1	0	0	0	0	0	0	0	0
Q9D5V6	0	0	0	0	0	0	0	0	0	0	0	0	0	0	0	0	0	0	0	0	1
Q9D662	0	0	0	0	0	0	0	0	0	0	0	0	0	1	0	0	0	0	0	0	0
Q9D666	0	0	0	0	0	0	0	0	0	0	0	1	0	0	0	0	0	0	0	0	0
Q9D6F9	0	0	0	0	0	1	0	0	0	0	0	0	0	0	0	0	0	0	0	0	0
Q9D6K8	1	0	0	0	0	0	0	0	0	0	0	0	1	0	0	0	0	0	0	0	0
Q9D6M3	0	0	0	0	0	0	0	1	0	0	0	0	0	0	0	0	0	0	0	0	0
Q9D6R2	1	0	0	0	0	0	0	0	0	0	0	0	0	0	0	0	0	0	0	0	0
Q9D6U8	0	0	0	0	0	0	0	1	0	0	0	0	0	0	0	0	0	0	0	0	0
Q9D6Y7	0	0	0	1	0	0	0	0	0	0	0	0	0	0	0	0	0	0	0	0	0
Q9D6Y9	1	0	0	0	0	0	0	0	0	0	0	0	0	0	0	0	0	0	0	0	0
Q9D706	0	0	0	0	0	0	0	0	0	0	0	0	0	0	0	0	0	0	1	0	0
Q9D708	0	0	0	0	0	0	0	0	0	0	0	0	0	0	1	0	0	0	0	0	0
Q9D735	0	0	0	0	0	0	0	0	0	0	0	1	0	0	0	0	0	0	0	0	0
Q9D773	1	0	0	0	0	0	0	0	0	0	0	0	0	0	0	0	0	0	0	0	0
Q9D787	0	0	0	0	0	0	0	0	0	0	0	0	0	0	0	0	0	0	0	1	0
Q9D7A6	0	0	0	0	0	0	0	0	1	0	0	0	0	1	0	0	0	0	0	0	0
Q9D7A8	0	0	0	0	0	0	0	1	0	0	0	0	0	0	0	0	0	0	0	0	0
Q9D7B7	0	0	0	0	0	0	0	0	0	0	0	0	0	0	1	0	0	0	0	0	0
Q9D7E4	0	0	0	0	0	0	0	0	1	0	0	0	0	0	0	0	0	0	0	0	0
Q9D7H3	0	0	0	0	0	0	0	0	0	0	0	0	1	0	0	0	0	0	0	0	0
Q9D7J9	1	0	0	0	0	0	0	0	0	0	0	0	0	0	0	0	0	0	0	0	0
Q9D7M8	0	1	0	0	0	0	0	0	0	0	0	0	0	0	0	0	0	0	0	0	0
Q9D7N3	1	0	0	0	0	0	0	0	0	0	0	0	0	0	0	0	0	0	0	0	0
Q9D7V1	0	0	0	0	0	0	0	0	0	0	0	0	0	1	0	0	0	0	0	0	0
Q9D7X8	0	0	0	0	0	0	0	0	0	0	0	0	0	0	1	0	0	0	0	0	0
Q9D855	0	0	0	0	0	0	0	0	0	0	0	0	1	0	0	0	0	0	0	0	0
Q9D868	0	0	0	0	0	0	0	0	0	0	0	0	0	0	1	0	0	0	0	0	0
Q9D880	0	0	0	0	0	0	0	0	0	1	0	0	0	0	0	0	0	0	0	0	0
Q9D8B3	0	0	0	0	0	0	0	0	0	0	0	0	1	0	0	0	0	0	0	0	0
Q9D8B4	1	0	0	0	0	0	0	0	0	0	0	0	0	0	0	0	0	0	0	0	0
Q9D8E6	0	0	0	0	0	0	0	0	1	0	0	0	0	0	0	0	0	0	0	0	0
Q9D8L5	0	0	0	0	0	0	0	0	0	0	0	0	0	0	0	0	0	0	1	0	0
Q9D8M4	0	0	0	0	0	0	0	0	0	0	0	0	0	0	0	0	0	0	0	1	0
Q9D8P4	0	0	0	0	0	0	0	0	0	1	0	0	0	0	0	0	0	0	0	0	0
Q9D8S3	0	0	0	0	0	0	0	0	1	0	0	0	0	1	0	0	0	0	0	0	0
Q9D8S4	0	0	0	0	0	0	0	0	1	0	0	0	0	0	0	0	0	0	0	0	0
Q9D8S9	0	0	0	0	0	0	0	0	0	0	0	0	1	0	0	0	0	0	0	0	0
Q9D8T2	0	0	0	0	0	0	0	0	0	0	0	0	0	0	0	1	0	0	0	0	0
Q9D8T7	1	0	0	0	0	0	0	0	0	0	0	0	0	0	0	0	0	0	0	0	0
Q9D8V0	0	0	0	0	0	0	0	0	0	0	0	0	0	1	0	0	0	0	0	0	0
Q9D8V7	0	0	0	0	0	0	0	0	1	0	0	0	0	0	0	0	0	0	0	0	0
Q9D8W7	0	0	0	0	0	0	0	0	0	0	0	0	0	0	0	1	0	0	0	0	0
Q9D8X1	0	0	0	0	0	0	0	0	0	0	0	0	1	0	0	0	0	0	0	0	0
Q9D8X2	0	0	0	0	0	0	0	0	1	0	0	0	0	0	0	0	0	0	0	0	0
Q9D902	0	0	0	0	0	0	0	0	0	0	0	0	0	0	0	0	0	0	1	0	0
Q9D903	0	0	0	0	0	0	0	0	0	0	0	0	0	0	0	0	0	0	0	1	0
Q9D920	0	0	0	0	0	0	0	0	0	0	0	0	0	0	0	0	0	0	1	0	0
Q9D952	0	0	0	0	0	0	0	0	0	0	0	0	0	0	1	0	0	0	0	0	0
Q9D958	0	0	0	0	0	0	0	0	1	0	0	0	0	0	0	0	0	0	0	0	0
Q9D964	0	0	0	0	0	0	0	0	0	0	0	0	0	1	0	0	0	0	0	0	0
Q9D9B4	0	0	0	1	0	0	0	0	0	0	0	0	0	0	0	0	0	0	0	0	0
Q9D9V3	1	0	0	0	0	0	0	0	0	0	0	0	0	0	0	0	0	0	0	0	0
Q9DA08	0	0	0	0	0	0	0	0	0	0	0	0	0	0	0	0	0	0	1	0	0
Q9DAI2	0	0	0	0	0	0	0	0	0	0	0	0	0	0	0	0	0	0	1	0	0
Q9DAK9	0	0	0	0	0	0	0	1	0	0	0	0	0	0	0	0	0	0	0	0	0
Q9DAM5	1	0	0	0	0	0	0	0	0	0	0	0	0	0	0	0	0	0	0	0	0
Q9DAM7	0	0	0	0	0	0	0	0	1	0	0	0	0	0	0	0	0	0	0	0	0
Q9DAT5	1	0	0	0	0	0	0	0	0	0	0	0	0	0	0	0	0	0	0	0	0
Q9DAU1	0	0	0	0	0	0	0	0	1	0	0	0	0	0	0	0	0	0	0	0	0
Q9DAW9	0	0	0	0	0	0	0	1	0	0	0	0	0	0	0	0	0	0	0	0	0
Q9DAZ9	0	0	0	0	0	0	0	0	0	1	0	0	0	0	0	0	0	0	0	0	0
Q9DB20	0	0	0	0	0	0	0	0	0	0	0	0	1	0	0	0	0	0	0	0	0
Q9DB25	0	0	0	0	0	0	0	0	1	0	0	0	0	0	0	0	0	0	0	0	0
Q9DB26	0	0	0	0	0	0	0	0	0	1	0	0	0	0	0	0	0	0	0	0	0
Q9DB30	0	0	0	0	0	0	0	0	0	0	1	0	0	0	0	0	0	0	0	0	0
Q9DB34	0	0	0	0	0	0	0	0	0	0	0	0	0	1	0	0	0	0	0	0	0
Q9DB60	0	0	0	0	0	0	0	0	0	0	0	0	1	0	0	0	0	0	0	0	0
Q9DB77	1	0	0	0	0	0	0	0	0	0	0	0	1	0	0	0	0	0	0	0	0
Q9DB90	0	0	0	0	0	0	0	0	0	0	0	0	0	0	0	0	0	0	1	0	0
Q9DBB4	0	0	0	0	0	0	0	0	0	0	0	0	0	0	0	0	0	0	0	1	0
Q9DBB5	0	0	0	0	0	0	0	0	0	0	0	0	0	0	0	0	0	0	0	1	0
Q9DBB8	1	0	0	0	0	0	0	0	0	0	0	0	0	0	0	0	0	0	0	0	0
Q9DBC7	0	0	1	0	0	0	0	0	0	0	0	0	0	0	0	0	0	0	0	0	0
Q9DBE0	0	0	0	0	0	0	0	0	0	0	1	0	0	0	0	0	0	0	0	0	0
Q9DBG1	0	0	0	0	0	0	0	0	0	0	1	0	0	0	0	0	0	0	0	0	0
Q9DBG6	0	0	0	0	0	0	0	0	0	0	0	0	0	1	0	0	0	0	0	0	0
Q9DBG7	0	0	0	0	0	0	0	0	1	0	0	0	0	1	0	0	0	0	0	0	0
Q9DBL2	0	0	0	0	0	0	0	0	0	0	1	0	0	0	0	0	0	0	0	0	0
Q9DBL9	0	1	0	0	0	0	0	0	0	0	0	0	0	0	0	0	0	0	0	0	1
Q9DBM2	0	0	0	0	0	0	0	0	0	1	0	0	0	0	0	0	0	0	0	0	0
Q9DBN4	0	0	0	0	0	0	0	0	0	1	0	0	0	0	0	0	0	0	0	0	0
Q9DBN5	0	0	0	0	0	0	0	0	0	0	1	0	0	0	0	0	0	0	0	0	0
Q9DBP5	0	0	0	0	0	0	1	0	0	0	0	0	0	0	0	0	0	0	0	0	0
Q9DBQ7	0	0	0	0	0	0	0	0	0	0	0	0	0	1	0	0	0	0	0	0	0
Q9DBR0	0	0	0	0	0	0	0	0	0	1	0	0	0	0	0	0	0	0	0	0	0
Q9DBR3	0	0	0	0	0	0	0	0	0	0	0	0	0	0	0	0	0	0	1	0	0
Q9DBR4	0	0	0	0	0	0	0	0	0	0	0	0	0	0	0	0	1	0	0	0	0
Q9DBR7	0	0	1	0	0	0	0	0	0	0	0	0	0	0	0	0	0	0	0	0	0
Q9DBS1	0	1	0	0	0	0	0	0	0	0	0	0	0	0	0	0	0	0	0	0	1
Q9DBS2	0	0	0	0	0	1	0	0	0	0	0	0	0	0	0	0	0	0	0	0	0
Q9DBT5	0	0	0	0	0	0	0	0	0	0	0	0	0	1	0	0	0	0	0	0	0
Q9DBU0	0	0	0	0	0	0	0	0	0	0	0	0	0	0	0	1	0	0	0	0	0
Q9DBV4	0	0	0	0	0	0	0	0	0	0	0	1	0	0	0	0	0	0	0	0	0
Q9DBW0	0	0	0	0	0	0	0	0	0	0	1	0	0	0	0	0	0	0	0	0	0
Q9DBY8	0	0	0	0	0	0	0	0	0	0	0	0	0	0	0	0	0	0	0	1	0
Q9DBZ1	0	0	0	0	0	0	0	0	0	0	0	0	0	0	1	0	0	0	0	0	0
Q9DC07	0	0	0	0	0	0	0	0	0	0	0	0	1	0	0	0	0	0	0	0	0
Q9DC11	0	0	0	0	0	0	0	0	0	0	0	1	0	0	0	0	0	0	0	0	0
Q9DC22	0	0	0	0	0	0	0	0	0	0	0	0	1	0	0	0	0	0	0	0	0
Q9DC28	0	0	0	0	0	0	0	0	0	0	0	0	0	0	0	0	1	0	0	0	0
Q9DC33	0	0	0	1	0	0	0	0	0	0	0	0	0	0	0	0	0	0	0	0	0
Q9DC37	0	0	0	0	0	0	0	0	0	1	0	0	0	0	0	0	0	0	0	0	0
Q9DC40	0	0	0	0	0	0	0	0	0	0	0	0	0	0	0	0	0	0	0	1	0
Q9DC48	0	0	0	0	0	0	0	0	0	0	0	0	0	0	0	0	0	1	0	1	0
Q9DC50	0	0	0	0	0	0	0	0	0	1	0	0	0	0	0	0	0	0	0	0	0
Q9DC51	0	0	0	0	0	0	0	0	1	0	0	0	0	0	0	0	0	0	0	0	0
Q9DC61	1	0	0	0	0	0	0	0	0	0	0	0	0	0	0	0	0	0	0	0	0
Q9DC69	1	0	0	0	0	0	0	0	0	0	0	0	0	0	0	0	0	0	0	0	0
Q9DC70	0	0	0	0	0	0	0	0	0	0	0	0	1	0	0	0	0	0	0	0	0
Q9DC71	1	0	0	0	0	0	0	0	0	0	0	0	0	0	0	0	0	0	0	0	0
Q9DCA2	1	0	0	0	0	0	0	0	0	1	0	0	0	0	0	0	0	0	0	0	0
Q9DCA5	0	0	0	0	0	0	0	0	0	0	0	0	0	0	0	0	0	0	0	1	0
Q9DCC4	0	0	0	0	0	0	0	1	0	0	0	0	0	0	0	0	0	0	0	0	0
Q9DCD0	1	0	0	0	0	0	0	0	0	0	0	0	0	0	0	0	0	0	0	0	0
Q9DCD2	0	0	0	0	0	0	0	0	0	0	0	0	0	0	0	0	0	1	0	0	0
Q9DCD6	0	0	0	0	0	0	0	0	1	0	0	0	0	0	0	0	0	0	0	0	0
Q9DCE5	0	0	0	0	0	0	0	0	0	0	0	0	0	0	0	0	0	0	0	1	0
Q9DCF9	0	0	0	0	0	0	0	0	1	0	0	0	0	0	0	0	0	0	0	0	0
Q9DCG6	0	0	0	0	0	0	0	0	0	1	0	0	0	0	0	0	0	0	0	0	0
Q9DCG9	0	1	0	0	0	0	0	0	0	0	0	0	0	0	0	0	0	0	0	0	0
Q9DCJ1	0	0	0	0	0	0	1	0	0	0	0	0	0	0	0	0	0	0	0	0	0
Q9DCJ5	0	0	0	0	0	0	0	0	0	0	0	0	1	0	0	0	0	0	0	0	0
Q9DCJ9	0	0	0	0	0	0	0	1	0	0	0	0	0	0	0	0	0	0	0	0	0
Q9DCL9	0	0	0	0	0	0	0	1	0	0	0	0	0	0	0	0	0	0	0	0	0
Q9DCM0	0	0	0	0	0	0	1	0	0	0	0	0	0	0	0	0	0	0	0	0	0
Q9DCN2	0	0	0	0	0	0	0	0	0	0	1	0	0	0	0	0	0	0	0	0	0
Q9DCR2	0	0	0	0	0	0	0	0	0	0	0	0	0	0	0	0	1	0	0	0	0
Q9DCS2	0	0	0	0	0	0	0	0	0	1	0	0	0	0	0	0	0	0	0	0	0
Q9DCS3	1	0	0	0	0	0	0	0	0	0	0	0	0	0	0	0	0	0	0	0	0
Q9DCT2	1	0	0	0	0	0	0	0	0	0	0	0	0	0	0	0	0	0	0	0	0
Q9DCU6	1	0	0	0	0	0	0	0	0	0	0	0	0	0	0	0	0	0	0	0	0
Q9DCV4	1	0	0	0	0	0	0	0	0	0	0	0	0	0	0	0	0	0	0	0	0
Q9DCV7	0	0	1	0	0	0	0	0	0	0	0	0	0	0	0	0	0	0	0	0	0
Q9DCW4	1	0	0	0	0	0	0	0	0	0	0	0	0	0	0	0	0	0	0	0	0
Q9DD18	0	0	0	0	0	0	0	1	0	0	0	0	0	0	0	0	0	0	0	0	0
Q9EP53	0	0	0	0	0	1	0	0	0	0	0	0	0	0	0	0	0	0	0	0	0
Q9EP75	0	0	0	0	0	0	0	0	0	0	0	0	0	0	0	1	0	0	0	0	0
Q9EP89	0	0	0	0	0	0	0	0	0	1	0	0	0	0	0	0	0	0	0	0	0
Q9EPB4	0	0	0	0	0	0	0	1	0	0	0	0	0	0	0	0	0	0	0	0	0
Q9EPB5	1	0	0	0	0	0	0	0	0	0	0	0	0	0	0	0	0	0	0	0	0
Q9EPK6	0	0	0	0	0	0	0	0	0	0	0	0	0	0	0	0	0	0	1	0	0
Q9EPL2	0	0	0	0	0	0	0	1	0	0	0	0	0	0	0	0	0	0	0	0	0
Q9EPL4	0	0	0	0	0	0	0	0	0	0	0	0	0	1	0	0	0	0	0	0	0
Q9EPL9	0	0	0	0	0	0	0	0	0	1	0	0	0	0	0	0	0	0	0	0	0
Q9EPN1	0	0	0	0	0	1	0	0	0	0	0	0	0	0	0	0	0	0	0	0	0
Q9EPQ7	0	0	0	0	0	0	0	0	0	0	1	0	0	0	0	0	0	0	0	0	0
Q9EPR5	1	0	0	0	0	0	0	0	0	0	0	0	0	0	0	0	0	0	0	0	0
Q9EPT5	0	0	0	0	1	0	0	0	0	0	0	1	0	0	0	0	0	0	0	0	0
Q9EPU4	0	0	0	0	0	0	0	0	0	0	0	0	0	0	0	0	0	0	1	0	0
Q9EPV8	0	0	0	0	0	0	0	0	0	1	0	0	0	0	0	0	0	0	0	0	0
Q9EPW0	0	0	0	0	0	1	0	0	0	0	0	0	0	0	0	0	0	0	0	0	0
Q9EQ06	0	0	0	0	0	0	0	0	0	1	0	0	0	0	0	0	0	0	0	0	0
Q9EQ80	0	0	1	0	0	0	0	0	0	0	0	0	0	0	0	0	0	0	0	0	0
Q9EQF6	0	0	0	0	0	0	0	0	0	0	0	0	0	0	0	0	1	0	0	0	0
Q9EQG7	0	0	0	0	0	0	0	0	0	0	0	0	0	0	0	0	1	0	0	0	0
Q9EQG9	0	0	0	0	0	0	0	0	0	1	0	0	0	0	0	0	0	0	0	0	0
Q9EQI8	1	0	0	0	0	0	0	0	0	0	0	0	0	0	0	0	0	0	0	0	0
Q9EQJ9	0	0	0	0	0	0	0	0	0	0	0	1	0	0	0	0	0	0	0	0	0
Q9EQQ9	0	0	0	0	0	0	0	1	0	0	0	0	0	0	0	0	0	0	0	0	0
Q9EQS3	0	0	0	0	0	0	0	0	0	0	0	0	1	0	0	0	0	0	0	0	0
Q9ER00	0	0	0	0	0	0	0	1	0	0	0	0	0	0	0	0	0	0	0	0	0
Q9ER38	0	0	0	0	1	0	0	0	0	0	0	0	0	0	0	0	0	0	0	0	0
Q9ER39	0	0	0	0	0	0	0	0	0	0	1	0	0	0	0	0	0	0	0	0	0
Q9ER64	0	0	0	0	0	0	0	0	0	0	0	1	0	0	0	0	0	0	0	0	0
Q9ER72	0	0	0	0	0	0	0	0	0	0	0	0	0	1	0	0	0	0	0	0	0
Q9ERD7	0	0	0	0	0	0	0	0	0	0	0	0	0	0	0	0	1	0	0	0	0
Q9ERG2	1	0	0	0	0	0	0	0	0	0	0	0	0	0	0	0	0	0	0	0	0
Q9ERI5	0	0	0	0	0	0	0	0	0	0	0	0	0	0	0	0	0	0	0	1	0
Q9ERL7	0	0	0	1	0	0	0	0	0	0	0	0	0	0	0	0	0	0	0	0	0
Q9ERL9	0	0	0	0	0	0	0	0	0	0	0	1	0	0	0	0	0	0	0	0	0
Q9ERR1	0	0	0	0	0	1	0	0	0	0	0	0	0	0	0	0	0	0	0	0	0
Q9ERR7	0	0	0	0	0	0	0	0	0	0	0	0	0	1	0	0	0	0	0	0	0
Q9ERS2	0	0	0	0	0	0	0	0	0	0	0	0	1	0	0	0	0	0	0	0	0
Q9ERU3	0	0	0	0	0	0	0	1	0	0	0	0	0	0	0	0	0	0	0	0	0
Q9ERY9	0	0	0	0	0	0	0	0	0	1	0	0	0	0	0	0	0	0	0	0	0
Q9ES52	0	0	0	0	0	0	0	0	0	0	0	0	0	0	0	0	0	1	0	0	0
Q9ES74	0	0	0	0	0	0	0	1	0	0	0	0	0	0	0	0	0	0	0	0	0
Q9ES97	0	0	0	0	0	0	0	0	0	0	0	0	0	0	0	0	1	0	0	0	0
Q9ESD7	0	0	0	0	0	0	0	0	0	0	0	0	1	0	0	0	0	0	0	0	0
Q9ESE1	0	0	0	0	0	0	0	0	0	1	0	0	0	0	0	0	0	0	0	0	0
Q9ESJ0	0	0	0	0	0	0	0	0	0	0	0	0	0	0	0	0	0	0	0	1	0
Q9ESJ4	0	0	0	0	0	0	0	0	0	0	0	0	0	0	0	0	1	0	0	0	0
Q9ESK9	0	0	0	0	0	0	0	0	0	0	0	0	0	0	0	0	0	0	1	0	0
Q9ESN6	0	0	0	0	0	0	0	0	0	0	0	0	0	0	0	0	1	0	0	0	0
Q9ESW8	0	0	0	0	0	0	0	0	0	1	0	0	0	0	0	0	0	0	0	0	0
Q9ET01	1	0	0	0	0	0	0	0	0	0	0	0	0	0	0	0	0	0	0	0	0
Q9ET30	0	0	0	0	0	0	0	0	0	0	0	0	0	1	0	0	0	0	0	0	0
Q9ET54	0	0	1	0	0	0	0	0	0	0	0	0	0	0	0	0	0	0	0	0	0
Q9JHK5	0	0	0	0	0	0	0	0	0	0	0	0	0	0	0	0	0	1	0	0	0
Q9JHL1	0	0	0	0	0	0	0	0	0	0	0	1	0	0	0	0	0	0	0	0	0
Q9JHN8	0	0	0	0	0	0	0	0	0	0	0	0	0	0	0	0	0	0	0	1	0
Q9JHP7	0	0	0	0	0	0	0	0	0	0	0	0	0	0	0	0	0	0	0	0	1
Q9JHQ5	0	0	0	0	0	0	0	0	0	0	0	0	0	0	0	0	0	0	1	0	0
Q9JHS3	1	0	0	0	0	0	0	0	0	0	0	0	0	0	0	0	0	0	0	0	0
Q9JHU2	0	0	0	0	0	0	0	0	0	0	0	0	0	0	0	0	0	0	0	0	1
Q9JHU4	0	0	0	0	0	0	0	0	0	0	0	0	0	0	0	0	1	0	0	0	0
Q9JHU9	0	0	0	0	0	0	0	0	0	0	0	0	0	0	0	0	0	0	1	0	0
Q9JHW2	0	0	0	0	0	0	0	0	0	0	1	0	0	0	0	0	0	0	0	0	0
Q9JI19	0	0	0	0	0	0	0	0	0	0	0	0	0	0	0	0	0	0	1	0	0
Q9JI44	0	0	0	0	0	0	0	0	0	0	0	0	0	0	0	0	0	0	0	1	0
Q9JI46	0	0	0	0	0	0	0	0	0	0	0	0	0	0	1	0	0	0	0	0	0
Q9JI78	0	0	0	0	0	0	0	0	0	0	0	0	0	0	0	0	0	0	1	0	0
Q9JI90	0	0	0	0	0	0	0	0	0	0	0	0	0	0	0	0	1	0	0	0	0
Q9JI91	0	0	0	0	0	0	0	0	0	0	0	0	1	0	0	0	0	0	0	0	0
Q9JIA7	0	0	0	0	0	0	1	0	0	0	0	0	0	0	0	0	0	0	0	0	0
Q9JIB4	0	0	0	0	0	0	0	0	0	0	0	0	0	0	0	0	0	0	1	0	0
Q9JIF0	0	0	0	0	0	0	0	0	0	0	0	0	0	0	0	0	0	0	0	1	0
Q9JIF7	0	0	0	0	0	0	0	0	0	0	0	0	0	1	0	0	0	0	0	0	0
Q9JIG8	0	0	0	0	0	0	0	1	0	0	0	0	0	0	0	0	0	0	0	0	0
Q9JIH2	0	0	0	0	0	0	0	0	0	1	0	0	0	0	0	0	0	0	0	0	0
Q9JII6	0	0	0	0	0	0	0	0	0	1	0	0	0	0	0	0	0	0	0	0	0
Q9JIK9	1	0	0	0	0	0	0	0	0	0	0	0	0	0	0	0	0	0	0	0	0
Q9JIQ3	0	0	0	0	0	0	0	0	0	0	0	0	0	0	0	0	0	0	1	0	0
Q9JIS8	0	0	0	0	0	0	0	0	0	0	0	1	0	0	0	0	0	0	0	0	0
Q9JJ00	0	0	0	0	0	0	0	0	0	0	0	1	0	0	0	0	0	0	0	0	0
Q9JJ06	0	0	0	0	0	0	1	0	0	0	0	0	0	0	0	1	0	0	0	0	0
Q9JJ80	0	0	0	0	0	0	0	0	0	0	0	0	0	0	0	0	0	0	0	1	0
Q9JJ89	0	0	0	0	0	0	0	0	0	0	0	0	0	0	0	0	0	1	0	0	0
Q9JJA4	0	0	0	0	0	0	0	1	0	0	0	0	0	0	0	0	0	0	0	0	0
Q9JJC6	0	0	0	0	0	0	0	1	0	0	0	0	0	0	0	0	0	0	0	0	0
Q9JJG0	0	0	0	0	0	0	0	0	0	1	0	0	0	0	0	0	0	0	0	0	0
Q9JJH1	0	0	0	0	0	0	0	0	0	0	0	1	0	0	0	0	0	0	0	0	0
Q9JJH7	1	0	0	0	0	0	0	0	0	0	0	0	0	0	0	0	0	0	0	0	0
Q9JJI8	0	0	0	0	0	0	0	0	1	0	0	0	0	1	0	0	0	0	0	0	0
Q9JJK2	0	0	0	0	0	0	0	0	0	0	0	0	0	0	0	0	0	0	1	0	0
Q9JJL8	1	0	0	0	0	0	0	0	0	0	0	0	0	0	0	0	0	0	0	0	0
Q9JJN5	0	1	0	0	0	0	0	0	0	0	0	0	0	0	0	0	0	0	0	0	0
Q9JJR8	0	0	0	0	0	1	0	0	0	0	0	0	0	0	0	0	0	0	0	0	0
Q9JJV2	0	0	0	0	0	0	0	0	0	0	0	0	0	0	0	0	1	0	0	0	0
Q9JJW0	0	0	0	0	0	0	0	0	0	1	0	0	0	0	0	0	0	0	0	0	0
Q9JJY4	0	0	0	0	0	0	0	0	0	0	0	0	0	0	0	0	0	0	1	0	0
Q9JJZ2	0	0	0	0	0	0	0	0	0	0	0	0	1	0	0	0	0	0	0	0	0
Q9JK42	1	0	0	0	0	0	0	0	0	0	0	0	0	0	0	0	0	0	0	0	0
Q9JK83	0	0	0	0	1	0	0	0	0	0	0	1	0	0	0	0	0	0	0	0	0
Q9JK92	0	0	1	0	0	0	0	0	0	0	0	0	0	0	0	0	0	0	0	0	0
Q9JKB1	0	0	0	0	0	0	0	0	0	0	0	0	0	0	0	0	0	0	1	0	0
Q9JKB3	0	0	0	0	0	0	0	0	0	0	0	0	0	0	0	0	0	0	1	0	0
Q9JKC6	0	0	0	0	0	0	0	0	0	0	0	0	0	0	0	0	1	0	0	0	0
Q9JKC7	0	0	0	0	0	0	0	0	0	0	0	0	0	0	0	0	0	0	1	0	0
Q9JKD3	0	0	0	0	0	0	0	1	0	0	0	0	0	0	0	0	0	0	0	0	0
Q9JKF7	1	0	0	0	0	0	0	0	0	0	0	0	0	0	0	0	0	0	0	0	0
Q9JKJ9	0	0	0	0	0	0	0	0	1	0	0	0	0	1	0	0	0	0	0	0	0
Q9JKK1	0	1	0	0	0	0	0	0	0	0	0	0	0	0	0	0	0	0	0	0	0
Q9JKK7	0	0	0	0	0	0	0	0	0	0	0	0	0	0	0	0	1	0	0	0	0
Q9JKL4	0	0	0	0	0	1	0	0	0	0	0	0	0	0	0	0	0	0	0	0	0
Q9JKN1	0	0	0	0	0	0	0	0	0	0	0	0	0	0	0	0	1	0	0	0	0
Q9JKP7	0	0	0	0	0	0	0	0	0	0	0	0	0	0	0	0	0	0	1	0	0
Q9JKP8	0	0	0	0	0	0	0	0	0	0	0	0	0	0	0	0	0	1	0	0	0
Q9JKR6	0	0	0	0	0	0	0	0	1	0	0	0	0	1	0	0	0	0	0	0	0
Q9JKS4	0	0	0	0	0	0	0	0	0	0	0	0	1	0	0	0	0	0	0	0	0
Q9JL15	0	0	0	0	0	0	0	0	0	0	1	0	0	0	0	0	0	0	0	0	0
Q9JL16	0	0	0	1	0	0	0	0	0	0	0	0	0	0	0	0	0	0	0	0	0
Q9JL56	0	0	0	0	1	0	0	0	0	0	0	0	0	0	0	0	0	0	0	0	0
Q9JL60	0	0	0	0	0	0	0	0	0	0	0	0	0	0	0	0	0	0	0	1	0
Q9JL62	0	0	0	0	0	0	0	0	0	0	0	0	0	0	0	0	1	0	0	0	0
Q9JLB0	0	0	0	0	0	0	0	1	0	0	0	0	0	0	0	0	0	0	0	0	0
Q9JLJ0	0	0	0	0	0	0	0	0	0	0	0	0	0	0	0	0	0	0	0	0	1
Q9JLJ2	0	0	0	0	0	0	0	0	0	1	0	0	0	0	0	0	0	0	0	0	0
Q9JLT4	1	0	0	0	0	0	0	0	0	0	0	0	0	0	0	0	0	0	0	0	0
Q9JLV1	0	0	0	0	0	0	0	0	0	0	0	0	1	0	0	0	0	0	0	0	0
Q9JLV5	0	0	0	0	0	1	0	0	0	0	0	0	0	0	0	0	0	0	0	0	0
Q9JLV6	0	0	0	1	0	0	0	0	0	0	0	0	0	0	0	0	0	0	0	0	0
Q9JLZ3	1	0	0	0	0	0	0	0	0	0	0	0	0	0	0	0	0	0	0	0	0
Q9JM05	0	0	0	0	0	0	0	1	0	0	0	0	0	0	0	0	0	0	0	0	0
Q9JM52	0	0	0	0	0	1	0	0	0	0	0	0	0	0	0	0	0	0	0	0	0
Q9JM96	0	0	0	0	0	1	0	0	0	0	0	0	0	0	0	0	0	0	0	0	0
Q9JMA2	0	0	0	0	0	0	0	0	0	0	0	0	0	1	0	0	0	0	0	0	0
Q9JMC3	0	0	0	0	0	0	0	0	0	0	0	0	0	0	0	0	0	0	1	0	0
Q9JMD3	0	0	0	0	0	0	0	0	0	0	1	0	0	0	0	0	0	0	0	0	0
Q9JMG1	0	0	0	0	0	0	0	1	1	0	0	0	0	0	0	0	0	0	0	0	0
Q9JMH6	0	0	0	0	0	0	0	0	0	0	0	0	0	0	0	1	0	0	0	0	0
Q9QUG9	0	0	0	0	0	0	0	0	0	0	0	0	0	0	0	0	0	1	0	0	0
Q9QUH0	0	0	0	0	0	0	0	0	0	0	0	0	1	0	0	0	0	0	0	0	0
Q9QUK9	0	0	0	0	0	0	0	0	1	0	0	0	0	1	0	0	0	0	0	0	0
Q9QUM9	0	0	0	0	0	0	0	1	0	0	0	0	0	0	0	0	0	0	0	0	0
Q9QVP9	0	0	0	0	0	0	0	0	0	0	0	0	0	0	0	0	0	1	0	0	0
Q9QWK4	0	0	0	0	0	0	0	0	0	0	0	0	0	0	0	0	0	0	0	0	1
Q9QX15	0	0	0	0	0	0	0	0	0	0	0	0	0	0	1	0	0	0	0	0	0
Q9QXB9	0	0	0	0	0	0	0	0	0	0	0	0	1	0	0	0	0	0	0	0	0
Q9QXD6	0	0	0	0	0	0	0	0	0	0	1	0	0	0	0	0	0	0	0	0	0
Q9QXD8	0	0	0	0	0	0	0	0	0	0	0	1	0	0	0	0	0	0	0	0	0
Q9QXE0	0	0	0	0	0	0	0	0	0	0	1	0	0	0	0	0	0	0	0	0	0
Q9QXL2	0	0	0	0	0	0	0	0	0	0	0	0	0	0	0	0	1	0	0	0	0
Q9QXL8	0	0	0	0	0	0	0	0	0	0	0	0	0	0	0	0	0	0	1	0	0
Q9QXS1	0	0	0	0	0	0	0	0	0	0	0	0	1	0	0	0	0	0	0	0	0
Q9QXS6	0	0	0	0	0	0	0	0	0	0	0	0	0	0	0	0	1	0	0	0	0
Q9QXV0	0	0	0	0	0	0	0	0	0	0	0	0	0	0	0	0	1	0	0	0	0
Q9QXW9	0	0	0	0	0	0	0	0	0	0	0	0	0	0	0	1	0	0	0	0	0
Q9QXX4	0	0	0	0	0	0	0	0	0	1	1	0	0	0	0	0	0	0	0	0	0
Q9QXY6	0	0	0	0	0	0	0	0	0	1	0	0	0	0	0	0	0	0	0	0	0
Q9QXY9	0	0	0	0	0	0	0	0	0	1	0	0	0	0	0	0	0	0	0	0	0
Q9QXZ0	0	0	0	0	1	0	0	0	0	0	0	1	0	0	0	0	0	0	0	0	0
Q9QY06	0	0	0	0	0	0	0	0	0	0	0	0	0	0	0	0	0	1	0	0	0
Q9QY23	0	0	0	0	0	0	0	0	0	0	0	0	0	0	1	0	0	0	0	0	0
Q9QY81	0	0	0	0	0	0	0	0	0	0	0	0	0	0	0	0	0	0	0	1	0
Q9QY93	0	0	0	1	0	0	0	0	0	0	0	0	0	0	0	0	0	0	0	0	0
Q9QYA2	1	0	0	0	0	0	0	0	0	0	0	0	0	0	0	0	0	0	0	0	0
Q9QYB8	0	0	0	0	0	0	0	1	0	0	0	0	0	0	0	0	0	0	0	0	0
Q9QYC7	0	0	0	0	0	0	0	0	0	0	1	0	0	0	0	0	0	0	0	0	0
Q9QYF1	0	0	0	0	0	0	0	0	0	0	1	0	0	0	0	0	0	0	0	0	0
Q9QYF9	0	0	0	0	0	1	0	0	0	0	0	0	0	0	0	0	0	0	0	0	0
Q9QYG0	0	0	0	0	0	0	0	0	0	0	0	0	1	0	0	0	0	0	0	0	0
Q9QYH6	0	0	0	0	0	0	0	1	0	0	0	0	0	0	0	0	0	0	0	0	0
Q9QYJ3	0	0	0	1	0	0	0	0	0	0	0	0	0	0	0	0	0	0	0	0	0
Q9QYK7	0	0	0	0	0	0	0	0	0	0	0	0	0	0	0	0	0	0	0	0	1
Q9QYR6	0	0	0	0	0	1	0	0	0	0	0	0	0	0	0	0	1	0	0	0	0
Q9QYR9	1	0	0	0	0	0	0	0	0	0	0	0	0	0	0	0	0	0	0	0	0
Q9QYY0	0	0	1	0	0	0	0	0	0	0	0	0	0	0	0	0	0	0	0	0	0
Q9QZ85	0	0	0	0	0	0	0	0	0	0	1	0	0	0	0	0	0	0	0	0	0
Q9QZB9	0	0	0	0	0	0	0	0	0	1	0	0	0	0	0	0	0	0	0	0	0
Q9QZD8	0	0	0	0	0	0	0	0	0	1	0	0	0	0	0	0	0	0	0	0	0
Q9QZE5	0	0	0	0	0	0	0	0	0	0	0	0	0	1	0	0	0	0	0	0	0
Q9QZF2	0	0	0	0	0	0	0	0	0	0	0	0	1	0	0	0	0	0	0	0	0
Q9QZH6	1	0	0	0	0	0	0	0	0	0	0	0	0	0	0	0	0	0	0	0	0
Q9QZI9	0	0	0	0	0	0	0	0	1	0	0	1	0	0	0	0	0	0	0	0	0
Q9QZQ1	0	0	0	0	1	0	0	0	0	0	0	0	0	0	0	0	0	0	0	0	0
Q9QZS3	0	0	0	0	0	0	0	0	0	0	0	1	0	0	0	0	0	0	0	0	0
Q9QZU9	0	0	0	1	0	0	0	0	0	0	0	0	0	0	0	0	0	0	0	0	0
Q9QZW0	0	0	0	0	0	0	0	0	0	0	1	0	0	0	0	0	0	0	0	0	0
Q9QZZ6	0	0	0	0	0	0	0	0	0	0	0	0	0	0	1	0	0	0	0	0	0
Q9R008	0	0	0	0	0	0	0	0	0	0	1	0	0	0	0	0	0	0	0	0	0
Q9R013	1	0	0	0	0	0	0	0	0	0	0	0	0	0	0	0	0	0	0	0	0
Q9R020	0	0	0	0	0	0	0	0	1	0	0	0	0	0	0	0	0	0	0	0	0
Q9R059	0	0	0	0	0	0	0	0	0	0	0	0	1	0	0	0	0	0	0	0	0
Q9R060	0	0	0	1	0	0	0	0	0	0	0	0	0	0	0	0	0	0	0	0	0
Q9R069	0	0	0	0	1	0	0	0	0	0	0	0	0	0	0	0	0	0	0	0	0
Q9R098	0	1	0	0	0	0	0	0	0	0	0	0	0	0	0	0	0	0	0	0	0
Q9R099	0	0	0	0	0	0	0	0	0	0	0	0	0	1	0	0	0	0	0	0	0
Q9R0A0	1	0	0	0	0	0	0	0	0	0	0	0	0	0	0	0	0	0	0	0	0
Q9R0H0	0	0	0	0	0	0	0	0	0	1	0	0	0	0	0	0	0	0	0	0	0
Q9R0I7	0	0	0	0	0	0	0	0	0	0	0	0	0	0	0	0	0	0	1	0	0
Q9R0L6	0	0	0	0	0	0	0	0	0	0	0	0	0	0	0	0	0	0	1	0	0
Q9R0M4	0	0	0	0	1	0	0	0	0	0	0	0	0	0	0	0	0	0	0	0	0
Q9R0M5	0	0	0	0	0	0	0	0	0	0	0	0	0	1	0	0	0	0	0	0	0
Q9R0N0	0	0	0	0	0	0	0	0	0	0	0	0	0	1	0	0	0	0	0	0	0
Q9R0P3	0	0	0	0	0	0	0	0	0	1	0	0	0	0	0	0	0	0	0	0	0
Q9R0P4	0	0	0	0	0	0	0	1	0	0	0	0	0	0	0	0	0	0	0	0	0
Q9R0P5	0	0	1	0	0	0	0	0	0	0	0	0	0	0	0	0	0	0	0	0	0
Q9R0P9	0	0	0	0	0	0	0	1	0	0	0	0	0	0	0	0	0	0	0	0	0
Q9R0Q1	0	0	0	0	0	0	0	0	0	0	0	0	0	1	0	0	0	0	0	0	0
Q9R0Q3	0	0	0	0	0	0	0	0	0	0	0	0	1	0	0	0	0	0	0	0	0
Q9R0Q4	0	0	0	0	0	0	0	0	0	0	0	0	0	1	0	0	0	0	0	0	0
Q9R0Q6	0	0	0	0	0	0	0	1	0	0	0	0	0	0	0	0	0	0	0	0	0
Q9R0Y5	0	0	0	0	0	0	0	0	0	0	0	0	1	0	0	0	0	0	0	0	0
Q9R118	0	0	0	1	0	0	0	0	0	0	0	0	0	0	0	0	0	0	0	0	0
Q9R190	0	0	0	0	0	0	0	0	0	0	0	0	0	0	0	0	0	0	0	1	0
Q9R1C6	0	0	0	0	0	1	0	0	0	0	0	0	0	0	0	0	0	0	0	0	0
Q9R1J0	0	0	0	0	0	0	0	0	0	1	0	0	0	0	0	0	0	0	0	0	0
Q9R1P0	0	0	0	0	0	0	0	1	0	0	0	0	0	0	0	0	0	0	0	0	0
Q9R1P1	0	0	0	0	0	0	0	1	0	0	0	0	0	0	0	0	0	0	0	0	0
Q9R1Q7	0	0	0	0	0	0	0	0	0	0	0	1	0	0	0	0	0	0	0	0	0
Q9R1Q8	0	0	0	0	0	0	0	0	0	0	0	0	0	0	0	0	1	0	0	0	0
Q9R1Q9	0	0	0	0	0	1	0	0	0	0	0	0	0	0	0	0	1	0	0	0	0
Q9R1S8	0	0	0	0	0	0	1	0	0	0	0	0	0	0	0	0	0	0	0	0	0
Q9R1T4	0	0	0	0	0	1	0	0	0	0	0	0	0	0	0	0	0	0	0	0	0
Q9R1Z8	0	0	0	0	1	0	0	0	0	0	0	0	0	0	0	0	0	0	0	0	0
Q9R269	0	0	0	0	0	0	0	0	0	0	0	0	0	0	1	0	0	0	0	0	0
Q9WTK7	0	0	0	0	0	0	0	0	0	0	0	0	0	0	0	0	0	0	1	0	0
Q9WTQ8	1	0	0	0	0	0	0	0	0	0	0	0	0	0	0	0	0	0	0	0	0
Q9WTS2	0	0	0	0	0	0	0	0	0	0	0	0	0	0	0	1	0	0	0	0	0
Q9WTU0	0	0	0	0	0	0	0	0	0	0	0	0	0	0	0	0	0	0	0	1	0
Q9WTU6	0	0	0	0	0	0	0	0	0	0	0	0	1	0	0	0	0	0	0	0	0
Q9WTX8	0	0	0	1	0	0	0	0	0	0	0	0	0	0	0	0	0	0	0	0	0
Q9WU28	0	0	0	0	0	0	0	0	0	0	0	0	0	0	0	0	1	0	0	0	0
Q9WU42	0	0	0	0	0	0	0	0	0	0	0	0	0	0	0	0	0	0	1	0	0
Q9WU63	0	0	0	0	0	0	0	1	0	0	0	0	0	0	0	0	0	0	0	0	0
Q9WU78	0	0	0	0	0	0	0	1	0	0	0	0	0	0	0	0	0	0	0	0	0
Q9WUA2	0	0	0	0	0	0	0	0	1	0	0	0	0	0	0	0	0	0	0	0	0
Q9WUA5	0	0	0	0	0	0	0	0	0	0	0	0	1	0	0	0	0	0	0	0	0
Q9WUB3	0	0	0	0	0	0	0	0	0	0	0	0	1	0	0	0	0	0	0	0	0
Q9WUD8	0	0	0	0	0	0	0	1	0	0	0	0	0	0	0	0	0	0	0	0	0
Q9WUH1	0	0	0	0	0	0	0	0	0	0	0	1	0	0	0	0	0	0	0	0	0
Q9WUL7	0	0	0	0	0	0	0	0	0	0	0	0	0	0	0	0	1	0	0	0	0
Q9WUM4	0	0	1	0	0	0	0	0	0	0	0	0	0	0	0	0	0	0	0	0	0
Q9WUM5	1	0	0	0	0	0	0	0	0	0	0	0	0	0	0	0	0	0	0	0	0
Q9WUQ2	0	0	0	0	0	0	0	0	1	0	0	0	0	0	0	0	0	0	0	0	0
Q9WUR2	1	0	0	0	0	0	0	0	0	0	0	0	0	0	0	0	0	0	0	0	0
Q9WUU8	0	0	0	0	0	0	0	0	0	0	0	0	0	0	0	0	0	0	0	1	0
Q9WUZ9	0	0	0	0	0	0	0	0	0	1	0	0	0	0	0	0	0	0	0	0	0
Q9WV02	0	0	0	0	0	0	0	1	0	0	0	0	0	0	0	0	0	0	0	0	0
Q9WV03	0	0	0	1	0	0	0	0	0	0	0	0	0	0	0	0	0	0	0	0	0
Q9WV34	0	0	0	0	0	1	0	1	0	0	0	0	0	0	0	0	0	0	0	0	0
Q9WV35	0	0	0	0	0	0	0	0	0	0	0	0	1	0	0	0	0	0	0	0	0
Q9WV55	0	0	0	0	0	0	0	0	0	0	0	0	1	0	0	0	0	0	0	0	0
Q9WV68	0	0	0	0	0	0	0	0	0	0	1	0	0	0	0	0	0	0	0	0	0
Q9WV70	0	0	0	0	0	0	0	0	0	0	0	0	0	0	0	0	0	1	0	0	0
Q9WV92	0	0	0	0	0	0	0	0	0	0	0	0	0	0	0	0	1	0	0	0	0
Q9WV95	0	0	0	0	0	0	0	0	0	0	0	0	1	0	0	0	0	0	0	0	0
Q9WV96	0	0	0	0	0	0	0	0	0	1	0	0	0	0	0	0	0	0	0	0	0
Q9WV98	1	0	0	0	0	0	0	0	0	0	0	0	0	0	0	0	0	0	0	0	0
Q9WVC3	0	0	0	0	0	0	0	0	0	0	0	1	0	0	0	0	0	0	0	0	0
Q9WVD5	0	0	0	0	0	0	0	0	0	1	1	0	0	0	0	0	0	0	0	0	0
Q9WVE8	0	0	0	0	0	0	0	0	1	0	0	0	0	0	0	0	0	0	0	0	0
Q9WVH9	0	0	0	0	0	0	0	1	0	0	0	0	0	0	0	0	0	0	0	0	0
Q9WVJ2	0	0	0	0	0	0	0	0	0	0	0	0	1	0	0	0	0	0	0	0	0
Q9WVJ3	0	0	0	0	0	0	0	0	0	1	0	0	0	0	0	0	0	0	0	0	0
Q9WVL1	0	0	0	0	0	0	0	1	0	0	0	0	0	0	0	0	0	0	0	0	0
Q9WVQ5	0	0	0	1	0	0	0	0	0	0	0	0	0	0	0	0	0	0	0	0	0
Q9Z0E0	0	0	0	0	0	0	0	0	0	0	0	0	0	0	0	0	1	0	0	0	0
Q9Z0F4	0	0	0	0	0	0	0	0	0	0	0	0	0	1	0	0	0	0	0	0	0
Q9Z0F8	0	0	0	0	0	0	0	0	0	0	0	1	0	0	0	0	0	0	0	0	0
Q9Z0G0	0	0	0	0	0	0	0	0	0	0	0	0	0	0	0	0	1	0	0	0	0
Q9Z0H1	0	0	0	0	0	0	0	0	0	0	0	0	0	1	0	0	0	0	0	0	0
Q9Z0H3	0	0	0	1	0	0	0	0	0	0	0	0	0	0	0	0	0	0	0	0	0
Q9Z0H8	0	0	0	0	0	0	0	0	0	0	0	0	0	0	0	0	1	0	0	0	0
Q9Z0J1	0	0	0	0	1	0	0	0	0	0	0	1	0	0	0	0	0	0	0	0	0
Q9Z0K8	0	0	0	0	0	0	0	0	0	1	0	0	0	0	0	0	0	0	0	0	0
Q9Z0L8	0	0	0	0	0	0	0	0	0	0	0	0	0	1	0	0	0	0	0	0	0
Q9Z0M5	0	0	0	0	0	0	0	0	0	1	0	0	0	0	0	0	0	0	0	0	0
Q9Z0N1	0	0	0	0	0	0	0	0	1	0	0	0	0	0	0	0	0	0	0	0	0
Q9Z0N2	0	0	0	0	0	0	0	0	0	0	0	0	0	0	0	0	0	0	1	0	0
Q9Z0R9	0	0	0	0	0	0	0	0	0	0	1	0	0	0	0	0	0	0	0	0	0
Q9Z0S9	0	0	0	0	0	0	0	0	0	0	0	0	0	1	0	0	0	0	0	0	0
Q9Z0U1	0	0	0	0	0	0	0	0	0	0	0	1	0	0	0	0	0	0	0	0	0
Q9Z0V7	0	0	0	0	0	0	0	0	1	0	0	0	0	0	0	0	0	0	0	0	0
Q9Z0W3	0	0	0	0	0	0	0	0	0	0	0	0	0	0	0	0	0	0	0	1	0
Q9Z0X1	1	0	0	0	0	0	0	0	0	0	0	0	0	0	0	0	0	0	0	0	0
Q9Z103	0	0	0	0	0	0	0	0	0	0	0	0	0	0	0	0	0	0	0	1	0
Q9Z110	0	0	0	0	0	0	0	0	1	0	0	0	0	0	0	0	0	0	0	0	0
Q9Z127	0	0	0	0	0	0	0	0	0	0	0	0	0	0	0	0	1	0	0	0	0
Q9Z130	0	0	0	0	0	0	0	1	0	0	0	0	0	0	0	0	0	0	0	0	0
Q9Z172	0	0	0	0	0	0	0	1	0	0	0	0	0	0	0	0	0	0	0	0	0
Q9Z1B5	0	0	0	0	0	0	0	0	0	0	0	0	0	0	0	0	0	0	0	1	0
Q9Z1E4	0	0	0	0	0	0	0	0	0	0	0	0	1	0	0	0	0	0	0	0	0
Q9Z1G3	0	0	0	0	0	0	0	0	0	1	0	0	0	0	0	0	0	0	0	0	0
Q9Z1G4	0	0	0	0	0	0	0	1	0	0	0	0	0	0	0	0	0	0	0	0	0
Q9Z1J3	0	0	0	0	0	0	0	0	0	1	0	0	0	0	0	0	0	0	0	0	0
Q9Z1K6	0	0	0	0	0	0	0	0	0	0	0	0	0	0	0	0	0	0	1	0	0
Q9Z1M8	0	0	0	0	0	0	0	0	0	0	0	0	0	0	0	0	0	1	0	0	0
Q9Z1N5	0	0	0	0	0	0	0	1	0	0	0	0	0	0	0	0	0	0	0	0	0
Q9Z1P6	0	0	0	0	0	0	0	0	0	0	0	0	1	0	0	0	0	0	0	0	0
Q9Z1P7	0	0	0	0	0	0	0	0	0	0	0	1	0	0	0	0	0	0	0	0	0
Q9Z1Q9	0	0	0	0	0	0	0	0	1	0	0	0	0	0	0	0	0	0	0	0	0
Q9Z1R3	1	0	0	0	0	0	0	0	0	0	0	0	0	0	0	0	0	0	0	0	0
Q9Z1R4	0	0	1	0	0	0	0	0	0	0	0	0	0	0	0	0	0	0	0	0	0
Q9Z1T2	0	0	0	1	0	0	0	0	0	0	0	0	0	0	0	0	0	0	0	0	0
Q9Z1X4	0	0	0	0	0	0	0	1	0	0	0	0	0	0	0	0	0	0	0	0	0
Q9Z1Y4	0	0	0	0	0	0	0	0	0	1	0	0	0	0	0	0	0	0	0	0	0
Q9Z1Z2	0	0	0	1	0	0	0	0	0	0	0	0	0	0	0	0	0	0	0	0	0
Q9Z210	0	0	0	0	0	0	0	0	0	0	1	0	0	0	0	0	0	0	0	0	0
Q9Z224	0	0	0	0	0	0	0	0	0	1	0	0	0	0	0	0	0	0	0	0	0
Q9Z247	0	0	0	0	0	0	0	0	0	0	0	0	0	0	1	0	0	0	0	0	0
Q9Z255	0	0	0	1	0	0	0	0	0	0	0	0	0	0	0	0	0	0	0	0	0
Q9Z2A0	0	0	0	0	0	0	0	0	0	0	0	0	0	0	0	0	1	0	0	0	0
Q9Z2A7	0	0	0	0	0	0	0	0	0	0	0	0	0	0	0	0	0	0	0	0	1
Q9Z2D1	0	0	0	0	0	0	0	0	0	0	0	0	0	0	0	0	1	0	0	0	0
Q9Z2D6	0	0	0	0	0	0	0	1	0	0	0	0	0	0	0	0	0	0	0	0	0
Q9Z2D8	0	0	0	0	0	0	0	0	0	1	0	0	0	0	0	0	0	0	0	0	0
Q9Z2G6	0	0	0	0	0	0	0	0	1	0	0	0	0	1	0	0	0	0	0	0	0
Q9Z2H5	0	0	0	0	0	1	0	0	0	0	0	0	0	0	0	0	0	0	0	0	0
Q9Z2I0	1	0	0	0	0	0	0	0	0	0	0	0	0	0	0	0	0	0	0	0	0
Q9Z2I9	1	0	0	0	0	0	0	0	0	0	0	0	0	0	0	0	0	0	0	0	0
Q9Z2K1	0	0	0	0	0	0	0	0	0	0	0	0	0	0	1	0	0	0	0	0	0
Q9Z2L7	0	0	0	0	0	0	0	0	0	0	0	0	0	0	0	0	0	1	0	0	0
Q9Z2Q6	0	0	0	0	0	0	0	1	0	0	0	0	0	0	0	0	0	0	0	0	0
Q9Z2R6	0	0	0	0	0	0	0	1	0	0	0	0	0	0	0	0	0	0	0	0	0
Q9Z2S7	0	0	0	0	0	0	0	0	0	0	0	0	0	0	1	0	0	0	0	0	0
Q9Z2U0	0	0	0	0	0	0	0	1	0	0	0	0	0	0	0	0	0	0	0	0	0
Q9Z2U1	0	0	0	0	0	0	0	0	0	0	0	0	0	0	1	0	0	0	0	0	0
Q9Z2V4	1	0	0	0	0	0	0	0	0	0	0	0	0	0	0	0	0	0	0	0	0
Q9Z2V5	0	0	0	0	0	0	0	0	0	0	0	0	0	0	0	0	0	0	1	0	0
Q9Z2V6	0	0	0	0	0	1	0	0	0	0	0	0	0	0	0	0	0	0	0	0	0
Q9Z2W1	0	0	0	0	0	0	0	0	0	0	0	1	0	0	0	0	0	0	0	0	0
Q9Z2X8	0	0	0	0	0	0	1	0	0	0	0	0	0	0	0	0	0	0	0	0	0
Q9Z2Y3	0	0	0	0	0	0	0	0	0	0	0	0	1	0	0	0	0	0	0	0	0
Q9Z2Y8	0	0	0	0	0	0	0	0	0	0	0	0	1	0	0	0	0	0	0	0	0
Q9Z2Z6	1	0	0	0	0	0	0	0	0	0	0	0	0	0	0	0	0	0	0	0	0
Q9Z321	0	0	0	0	0	0	0	0	0	0	0	0	0	0	0	0	0	0	1	0	0
Q9Z329	1	0	0	0	0	0	0	0	0	0	0	0	0	0	0	0	0	0	0	0	0
S4R2K0	0	0	0	0	0	0	0	0	0	1	0	0	0	0	0	0	0	0	0	0	0


